,id,timestamp,prob,type,filename,event_index,gamma_score
824,ML05,2022-01-01T15:15:16.670000,0.120055996,S,ML05_20220101_001_15.mseed,1,0.2258016809125981
823,ML05,2022-01-01T15:15:16.290000,0.3663948,P,ML05_20220101_001_15.mseed,1,0.5083248864660925
820,ML08,2022-01-01T15:15:15.990000,0.15307662,S,ML08_20220101_001_15.mseed,1,0.1903595591246928
819,ML08,2022-01-01T15:15:15.850000,0.21854685,P,ML08_20220101_001_15.mseed,1,0.2737626124804222
818,ML13,2022-01-01T15:15:16.280000,0.4779258,S,ML13_20220101_001_15.mseed,1,0.636389278868284
817,ML13,2022-01-01T15:15:16.060000,0.56967974,P,ML13_20220101_001_15.mseed,1,0.7820258189632822
822,ML06,2022-01-01T15:15:16.840000,0.3807121,S,ML06_20220101_001_15.mseed,1,0.4334993761914062
821,ML06,2022-01-01T15:15:16.330000,0.88653195,P,ML06_20220101_001_15.mseed,1,1.0783612032195424
804,ML10,2022-01-03T19:07:12.700000,0.3799649,S,ML10_20220103_003_19.mseed,2,0.2243446157275581
805,ML08,2022-01-03T19:07:12.330000,0.31941485,P,ML08_20220103_003_19.mseed,2,0.2695309564809628
796,ML14,2022-01-03T19:07:12.560000,0.31280094,S,ML14_20220103_003_19.mseed,2,0.3161921974963343
797,ML13,2022-01-03T19:07:12.100000,0.5949672,P,ML13_20220103_003_19.mseed,2,0.7185313868257338
798,ML13,2022-01-03T19:07:12.510000,0.53820693,S,ML13_20220103_003_19.mseed,2,0.585352393146935
799,ML12,2022-01-03T19:07:11.970000,0.88849795,P,ML12_20220103_003_19.mseed,2,1.1821979932275148
800,ML12,2022-01-03T19:07:12.710000,0.5826707,S,ML12_20220103_003_19.mseed,2,0.6527184229848235
801,ML11,2022-01-03T19:07:12.450000,0.58752215,P,ML11_20220103_003_19.mseed,2,0.5676363760531741
816,ML01,2022-01-03T19:07:12.180000,0.48012105,S,ML01_20220103_003_19.mseed,2,0.5437224791752634
815,ML01,2022-01-03T19:07:11.840000,0.20964509,P,ML01_20220103_003_19.mseed,2,0.2628094469541058
812,ML04,2022-01-03T19:07:12.840000,0.5170814,S,ML04_20220103_003_19.mseed,2,0.5018010249804488
793,ML15,2022-01-03T19:07:12.300000,0.85230577,P,ML15_20220103_003_19.mseed,2,1.1895403502469015
794,ML15,2022-01-03T19:07:12.740000,0.4533223,S,ML15_20220103_003_19.mseed,2,0.3493610143903615
795,ML14,2022-01-03T19:07:12.320000,0.3754515,P,ML14_20220103_003_19.mseed,2,0.4867443558693626
814,ML02,2022-01-03T19:07:12.700000,0.5368319,S,ML02_20220103_003_19.mseed,2,0.4062535876255498
813,ML02,2022-01-03T19:07:12.350000,0.3192715,P,ML02_20220103_003_19.mseed,2,0.451493426873119
806,ML08,2022-01-03T19:07:12.470000,0.3005973,S,ML08_20220103_003_19.mseed,2,0.4212343956617943
807,ML06,2022-01-03T19:07:12.560000,0.32839823,P,ML06_20220103_003_19.mseed,2,0.4258430480818388
808,ML06,2022-01-03T19:07:13.310000,0.641265,S,ML06_20220103_003_19.mseed,2,0.8508351040093705
809,ML05,2022-01-03T19:07:11.830000,0.650042,P,ML05_20220103_003_19.mseed,2,0.8178647831956339
810,ML05,2022-01-03T19:07:12.200000,0.61013806,S,ML05_20220103_003_19.mseed,2,0.757789927013843
811,ML04,2022-01-03T19:07:12.450000,0.6774705,P,ML04_20220103_003_19.mseed,2,0.9182334190313356
802,ML11,2022-01-03T19:07:12.710000,0.39224795,S,ML11_20220103_003_19.mseed,2,0.5279894816863298
803,ML10,2022-01-03T19:07:12.050000,0.21691221,P,ML10_20220103_003_19.mseed,2,0.2927628174585715
788,ML02,2022-01-05T00:58:23.660000,0.8433489,P,ML02_20220105_005_00.mseed,3,0.5946764429482783
771,ML13,2022-01-05T00:58:24.780000,0.10173071,S,ML13_20220105_005_00.mseed,3,0.0863938859283676
770,ML13,2022-01-05T00:58:23.930000,0.79494584,P,ML13_20220105_005_00.mseed,3,0.6978844660695238
789,ML02,2022-01-05T00:58:24.250000,0.17560649,S,ML02_20220105_005_00.mseed,3,0.0800263529174819
785,ML05,2022-01-05T00:58:24.780000,0.2703888,S,ML05_20220105_005_00.mseed,3,0.2369629410978819
781,ML06,2022-01-05T00:58:23.890000,0.586394,P,ML06_20220105_005_00.mseed,3,0.4923028867740066
765,ML15,2022-01-05T00:58:24.100000,0.84880114,P,ML15_20220105_005_00.mseed,3,0.6846053862499789
766,ML15,2022-01-05T00:58:24.610000,0.11023577,S,ML15_20220105_005_00.mseed,3,0.0216262715107197
779,ML08,2022-01-05T00:58:24.470000,0.33109066,P,ML08_20220105_005_00.mseed,3,0.1642927981711705
773,ML12,2022-01-05T00:58:23.930000,0.40217537,P,ML12_20220105_005_00.mseed,3,0.3235316052805703
777,ML11,2022-01-05T00:58:25.260000,0.16694255,S,ML11_20220105_005_00.mseed,3,0.0775830667120573
776,ML11,2022-01-05T00:58:24.540000,0.37504336,P,ML11_20220105_005_00.mseed,3,0.130415375439209
784,ML05,2022-01-05T00:58:24.250000,0.3926704,P,ML05_20220105_005_00.mseed,3,0.2653399726199553
778,ML08,2022-01-05T00:58:25.010000,0.13331875,S,ML08_20220105_005_00.mseed,3,0.111869314118084
782,ML06,2022-01-05T00:58:24.740000,0.29847977,S,ML06_20220105_005_00.mseed,3,0.2496224298940314
768,ML15,2022-01-05T00:58:35.650000,0.7083069,S,ML15_20220105_005_00.mseed,4,0.636147449676897
783,ML06,2022-01-05T00:58:34.840000,0.1303141,S,ML06_20220105_005_00.mseed,4,0.130473683464153
780,ML08,2022-01-05T00:58:35.330000,0.40080595,S,ML08_20220105_005_00.mseed,4,0.3148195023631709
767,ML15,2022-01-05T00:58:35.360000,0.611542,P,ML15_20220105_005_00.mseed,4,0.3478962969606508
792,ML01,2022-01-05T00:58:35.010000,0.29306236,S,ML01_20220105_005_00.mseed,4,0.3033277902873629
791,ML02,2022-01-05T00:58:34.610000,0.5593149,S,ML02_20220105_005_00.mseed,4,0.5516333116660642
774,ML12,2022-01-05T00:58:34.730000,0.4327269,P,ML12_20220105_005_00.mseed,4,0.4488246723403125
775,ML12,2022-01-05T00:58:34.840000,0.5702075,S,ML12_20220105_005_00.mseed,4,0.1703371715137208
772,ML13,2022-01-05T00:58:34.840000,0.3187453,S,ML13_20220105_005_00.mseed,4,0.2385202048095708
786,ML04,2022-01-05T00:58:34.370000,0.4040795,P,ML04_20220105_005_00.mseed,4,0.4084514831680643
790,ML02,2022-01-05T00:58:34.200000,0.6599577,P,ML02_20220105_005_00.mseed,4,0.6816595968495628
787,ML04,2022-01-05T00:58:34.550000,0.42721656,S,ML04_20220105_005_00.mseed,4,0.4378809924957565
769,ML14,2022-01-05T00:58:34.210000,0.12735407,S,ML14_20220105_005_00.mseed,4,0.1078332190048538
696,ML13,2022-01-06T08:29:29.340000,0.5711307,P,ML13_20220106_006_08.mseed,5,0.1735717368692535
763,ML01,2022-01-06T08:29:28.210000,0.69883925,P,ML01_20220106_006_08.mseed,5,0.385048292669167
724,ML08,2022-01-06T08:29:28.520000,0.7737893,S,ML08_20220106_006_08.mseed,5,0.369012416474366
725,ML08,2022-01-06T08:29:28.120000,0.11557552,P,ML08_20220106_006_08.mseed,5,0.0538872887568528
764,ML01,2022-01-06T08:29:28.940000,0.13238715,S,ML01_20220106_006_08.mseed,5,0.0831933421385462
701,ML12,2022-01-06T08:29:27.970000,0.35093433,S,ML12_20220106_006_08.mseed,5,0.1640917392969199
730,ML07,2022-01-06T08:29:28.710000,0.8350981,P,ML07_20220106_006_08.mseed,5,0.4140884490158915
743,ML05,2022-01-06T08:29:29.420000,0.67077297,P,ML05_20220106_006_08.mseed,5,0.1482906968091812
702,ML12,2022-01-06T08:29:27.890000,0.1565942,P,ML12_20220106_006_08.mseed,5,0.0798857265052398
748,ML03,2022-01-06T09:13:52.730000,0.52399933,P,ML03_20220106_006_09.mseed,6,0.0235488779128015
761,ML01,2022-01-06T09:13:53.660000,0.962048,P,ML01_20220106_006_09.mseed,6,0.1826333699508348
762,ML01,2022-01-06T09:13:54.170000,0.2965931,S,ML01_20220106_006_09.mseed,6,0.134319293843089
741,ML05,2022-01-06T09:13:52.410000,0.65825206,P,ML05_20220106_006_09.mseed,6,0.0498883324888582
742,ML05,2022-01-06T09:13:52.980000,0.57709503,S,ML05_20220106_006_09.mseed,6,0.1504784862124721
757,ML02,2022-01-06T09:13:53.600000,0.8275611,P,ML02_20220106_006_09.mseed,6,0.2479360170436949
758,ML02,2022-01-06T09:13:54.430000,0.39641666,S,ML02_20220106_006_09.mseed,6,0.0513353333495864
695,ML13,2022-01-06T09:13:54.010000,0.7703273,P,ML13_20220106_006_09.mseed,6,0.0663289423883776
689,ML14,2022-01-06T09:13:54.630000,0.5158871,P,ML14_20220106_006_09.mseed,6,0.1090141226514538
744,ML04,2022-01-06T09:13:53.680000,0.14680019,S,ML04_20220106_006_09.mseed,6,0.3215417656312719
709,ML10,2022-01-06T09:13:53.010000,0.7175845,S,ML10_20220106_006_09.mseed,6,0.091965334480066
700,ML12,2022-01-06T09:13:53.970000,0.108418494,P,ML12_20220106_006_09.mseed,6,0.2787818465241883
749,ML03,2022-01-06T09:13:53.550000,0.26520127,S,ML03_20220106_006_09.mseed,6,0.1751363703839591
747,ML03,2022-01-06T10:03:27.870000,0.33094427,S,ML03_20220106_006_10.mseed,7,0.4692911470900546
746,ML03,2022-01-06T10:03:27.270000,0.8895073,P,ML03_20220106_006_10.mseed,7,0.5469069842354415
692,ML13,2022-01-06T10:03:27.590000,0.8416022,P,ML13_20220106_006_10.mseed,7,0.5099692837675615
754,ML02,2022-01-06T10:03:27.210000,0.95040673,P,ML02_20220106_006_10.mseed,7,0.1913529686279748
720,ML08,2022-01-06T10:03:27.280000,0.93853354,P,ML08_20220106_006_10.mseed,7,0.0921744032762089
719,ML08,2022-01-06T10:03:27.590000,0.16429015,S,ML08_20220106_006_10.mseed,7,0.0731698037870282
685,ML15,2022-01-06T10:03:29.950000,0.97452176,P,ML15_20220106_006_10.mseed,8,0.5984219166196978
736,ML05,2022-01-06T10:03:30.680000,0.902916,P,ML05_20220106_006_10.mseed,8,0.2973902759581457
711,ML09,2022-01-06T10:03:29.120000,0.9514575,P,ML09_20220106_006_10.mseed,8,0.4003434292818529
712,ML09,2022-01-06T10:03:29.780000,0.27557817,S,ML09_20220106_006_10.mseed,8,0.1690402441844099
721,ML08,2022-01-06T10:03:30.250000,0.43786058,S,ML08_20220106_006_10.mseed,8,0.2713679088311478
693,ML13,2022-01-06T10:26:54.990000,0.956956,P,ML13_20220106_006_10.mseed,9,0.3550729147757945
694,ML13,2022-01-06T10:26:55.560000,0.16981952,S,ML13_20220106_006_10.mseed,9,0.0635104506782894
726,ML07,2022-01-06T10:26:54.160000,0.9751105,P,ML07_20220106_006_10.mseed,9,0.110409817344349
727,ML07,2022-01-06T10:26:54.760000,0.15356284,S,ML07_20220106_006_10.mseed,9,0.0662000421849027
737,ML05,2022-01-06T10:26:53.900000,0.95302993,P,ML05_20220106_006_10.mseed,9,0.4118242709702459
738,ML05,2022-01-06T10:26:54.510000,0.34260428,S,ML05_20220106_006_10.mseed,9,0.0667972338165795
714,ML09,2022-01-06T10:27:01.190000,0.48727491,S,ML09_20220106_006_10.mseed,10,0.2652513245556969
755,ML02,2022-01-06T10:27:01.340000,0.91670984,P,ML02_20220106_006_10.mseed,10,0.5067776027091626
756,ML02,2022-01-06T10:27:01.930000,0.6553505,S,ML02_20220106_006_10.mseed,10,0.3197374361277346
688,ML14,2022-01-06T10:27:00.380000,0.18431403,S,ML14_20220106_006_10.mseed,10,0.0453281911539526
733,ML06,2022-01-06T10:27:02.020000,0.92713886,P,ML06_20220106_006_10.mseed,10,0.2367480287351316
713,ML09,2022-01-06T10:27:00.500000,0.94262505,P,ML09_20220106_006_10.mseed,10,0.3831090768298546
722,ML08,2022-01-06T10:28:43.130000,0.56419647,P,ML08_20220106_006_10.mseed,11,0.0978341802817644
729,ML07,2022-01-06T10:28:44.540000,0.62173057,S,ML07_20220106_006_10.mseed,11,0.3489532340157553
723,ML08,2022-01-06T10:28:43.870000,0.36849844,S,ML08_20220106_006_10.mseed,11,0.1848833500770163
740,ML05,2022-01-06T10:28:43.660000,0.49224582,S,ML05_20220106_006_10.mseed,11,0.3756317473240413
739,ML05,2022-01-06T10:28:43.200000,0.83352625,P,ML05_20220106_006_10.mseed,11,0.2573012896124222
728,ML07,2022-01-06T10:28:43.840000,0.68286014,P,ML07_20220106_006_10.mseed,11,0.162920536980555
732,ML06,2022-01-06T11:13:44.670000,0.36560637,S,ML06_20220106_006_11.mseed,12,0.4493792195704704
687,ML14,2022-01-06T11:13:44.240000,0.23572956,P,ML14_20220106_006_11.mseed,12,0.1582597399398102
745,ML03,2022-01-06T11:13:44.270000,0.40522054,P,ML03_20220106_006_11.mseed,12,0.254538538377892
752,ML02,2022-01-06T11:13:43.730000,0.68527114,P,ML02_20220106_006_11.mseed,12,0.2864700910309311
731,ML06,2022-01-06T11:13:44.190000,0.66882485,P,ML06_20220106_006_11.mseed,12,0.1773062932779562
708,ML10,2022-01-06T11:13:45.430000,0.2796937,S,ML10_20220106_006_11.mseed,12,0.0730176498293486
704,ML11,2022-01-06T11:13:43.830000,0.7378254,P,ML11_20220106_006_11.mseed,12,0.3255624042704055
707,ML10,2022-01-06T11:13:43.630000,0.64728075,P,ML10_20220106_006_11.mseed,12,0.1577860382671566
753,ML02,2022-01-06T11:13:43.950000,0.30210525,S,ML02_20220106_006_11.mseed,12,0.4763121015500187
717,ML08,2022-01-06T11:19:00.870000,0.94203365,P,ML08_20220106_006_11.mseed,13,0.3344750090467957
718,ML08,2022-01-06T11:19:01.500000,0.29456058,S,ML08_20220106_006_11.mseed,13,0.129501806176998
735,ML05,2022-01-06T11:19:02.450000,0.5374928,S,ML05_20220106_006_11.mseed,13,0.4619991155945722
734,ML05,2022-01-06T11:19:01.700000,0.5464169,P,ML05_20220106_006_11.mseed,13,0.4697324037799992
710,ML09,2022-01-06T11:19:01.800000,0.41697115,P,ML09_20220106_006_11.mseed,13,0.1184649008732011
760,ML01,2022-01-06T11:19:02.470000,0.25067943,S,ML01_20220106_006_11.mseed,13,0.2099857379020041
684,ML15,2022-01-06T11:19:02.810000,0.54175115,S,ML15_20220106_006_11.mseed,13,0.3906393123012334
699,ML12,2022-01-06T11:19:03.250000,0.59399754,S,ML12_20220106_006_11.mseed,13,0.2934781984214495
759,ML01,2022-01-06T11:19:01.720000,0.7159127,P,ML01_20220106_006_11.mseed,13,0.6136869213198352
683,ML15,2022-01-06T11:19:02.060000,0.9376021,P,ML15_20220106_006_11.mseed,13,0.614556811333039
698,ML12,2022-01-06T11:19:01.840000,0.47354457,P,ML12_20220106_006_11.mseed,13,0.4048145277467379
706,ML11,2022-01-06T11:19:01.180000,0.2649131,S,ML11_20220106_006_11.mseed,13,0.2275915407450467
705,ML11,2022-01-06T11:19:00.550000,0.32897905,P,ML11_20220106_006_11.mseed,13,0.1713132468219612
686,ML14,2022-01-06T13:52:18.010000,0.45196104,S,ML14_20220106_006_13.mseed,14,0.3981554679553651
691,ML13,2022-01-06T13:52:18.390000,0.653036,S,ML13_20220106_006_13.mseed,14,0.5731183671067556
690,ML13,2022-01-06T13:52:17.980000,0.8167509,P,ML13_20220106_006_13.mseed,14,0.72255501213973
697,ML12,2022-01-06T13:52:18.800000,0.16363388,S,ML12_20220106_006_13.mseed,14,0.0880153441109834
750,ML02,2022-01-06T13:52:17.600000,0.5214328,P,ML02_20220106_006_13.mseed,14,0.4442942295839312
703,ML11,2022-01-06T13:52:18.290000,0.8213462,S,ML11_20220106_006_13.mseed,14,0.6110632478408127
715,ML08,2022-01-06T13:52:18.840000,0.5367699,P,ML08_20220106_006_13.mseed,14,0.1742582276158017
751,ML02,2022-01-06T13:52:17.870000,0.6784963,S,ML02_20220106_006_13.mseed,14,0.5997856915772515
716,ML08,2022-01-06T13:52:19.030000,0.66785544,S,ML08_20220106_006_13.mseed,14,0.5526073601551584
673,ML15,2022-01-07T15:11:00.070000,0.1972351,P,ML15_20220107_007_15.mseed,15,0.1440082126740759
681,ML02,2022-01-07T15:10:59.240000,0.6314182,P,ML02_20220107_007_15.mseed,15,0.4190699847040359
680,ML06,2022-01-07T15:11:00.310000,0.3786592,S,ML06_20220107_007_15.mseed,15,0.2639013606091444
679,ML08,2022-01-07T15:11:00.420000,0.21455088,S,ML08_20220107_007_15.mseed,15,0.1583027551138865
677,ML11,2022-01-07T15:11:00.370000,0.5027144,S,ML11_20220107_007_15.mseed,15,0.3714400808112952
676,ML12,2022-01-07T15:10:59.790000,0.46238402,S,ML12_20220107_007_15.mseed,15,0.1587994933734743
675,ML13,2022-01-07T15:11:00.630000,0.60118955,S,ML13_20220107_007_15.mseed,15,0.1797736064492973
674,ML13,2022-01-07T15:10:59.720000,0.47038668,P,ML13_20220107_007_15.mseed,15,0.2886922655637229
672,ML15,2022-01-07T15:11:00.500000,0.72912693,S,ML15_20220107_007_15.mseed,15,0.3157442059905893
682,ML02,2022-01-07T15:10:59.750000,0.55242664,S,ML02_20220107_007_15.mseed,15,0.3359096971061072
678,ML08,2022-01-07T15:11:00.360000,0.15044913,P,ML08_20220107_007_15.mseed,15,0.0377625737205325
654,ML05,2022-01-08T03:24:49.870000,0.13277584,P,ML05_20220108_008_03.mseed,16,0.129181560871126
593,ML15,2022-01-08T03:24:50.610000,0.22126362,S,ML15_20220108_008_03.mseed,16,0.2230685829478234
655,ML05,2022-01-08T03:24:50.420000,0.44934064,S,ML05_20220108_008_03.mseed,16,0.5292119562712738
597,ML14,2022-01-08T03:24:50.060000,0.4420532,S,ML14_20220108_008_03.mseed,16,0.4503087792140312
596,ML14,2022-01-08T03:24:49.340000,0.7159684,P,ML14_20220108_008_03.mseed,16,0.884997295790341
664,ML02,2022-01-08T03:24:49.370000,0.6405698,P,ML02_20220108_008_03.mseed,16,0.7866639263044007
665,ML02,2022-01-08T03:24:49.830000,0.60244787,S,ML02_20220108_008_03.mseed,16,0.5418985870628253
618,ML11,2022-01-08T03:24:49.940000,0.8088418,S,ML11_20220108_008_03.mseed,16,0.9874471475237953
642,ML06,2022-01-08T03:24:49.810000,0.8821802,S,ML06_20220108_008_03.mseed,16,1.0958932517185709
601,ML13,2022-01-08T03:24:50.260000,0.86017525,S,ML13_20220108_008_03.mseed,16,1.041155769681836
641,ML06,2022-01-08T03:24:49.220000,0.95833415,P,ML06_20220108_008_03.mseed,16,1.1679655513360132
617,ML11,2022-01-08T03:24:49.320000,0.8872614,P,ML11_20220108_008_03.mseed,16,1.1024430842462507
600,ML13,2022-01-08T03:24:49.570000,0.9312688,P,ML13_20220108_008_03.mseed,16,1.1105308271153105
643,ML06,2022-01-08T03:30:30.900000,0.9590935,P,ML06_20220108_008_03.mseed,17,0.8525029247913327
611,ML12,2022-01-08T03:30:31.790000,0.38543177,P,ML12_20220108_008_03.mseed,17,0.2499129161311402
612,ML12,2022-01-08T03:30:31.850000,0.37893292,S,ML12_20220108_008_03.mseed,17,0.14930268716992
644,ML06,2022-01-08T03:30:31.460000,0.82688975,S,ML06_20220108_008_03.mseed,17,0.7476119384018031
603,ML13,2022-01-08T03:30:31.960000,0.744621,S,ML13_20220108_008_03.mseed,17,0.592121830591801
602,ML13,2022-01-08T03:30:31.240000,0.8712652,P,ML13_20220108_008_03.mseed,17,0.7973535734464847
620,ML11,2022-01-08T03:30:31.650000,0.67062336,S,ML11_20220108_008_03.mseed,17,0.5842490067929319
619,ML11,2022-01-08T03:30:30.890000,0.8573221,P,ML11_20220108_008_03.mseed,17,0.7939560082430441
666,ML02,2022-01-08T03:30:31.240000,0.64097387,P,ML02_20220108_008_03.mseed,17,0.6036113566614626
667,ML02,2022-01-08T03:30:31.770000,0.6104706,S,ML02_20220108_008_03.mseed,17,0.5829495164786439
668,ML02,2022-01-08T03:31:25.480000,0.35656756,S,ML02_20220108_008_03.mseed,18,0.3385957591957559
604,ML13,2022-01-08T03:31:24.890000,0.4104362,P,ML13_20220108_008_03.mseed,18,0.3877182181827258
621,ML11,2022-01-08T03:31:24.640000,0.7587458,P,ML11_20220108_008_03.mseed,18,0.7206602511428976
622,ML11,2022-01-08T03:31:25.330000,0.6946868,S,ML11_20220108_008_03.mseed,18,0.6578519361163431
646,ML06,2022-01-08T03:31:25.160000,0.87177026,S,ML06_20220108_008_03.mseed,18,0.8283780053047115
605,ML13,2022-01-08T03:31:25.620000,0.44423667,S,ML13_20220108_008_03.mseed,18,0.419494143707979
645,ML06,2022-01-08T03:31:24.550000,0.9351127,P,ML06_20220108_008_03.mseed,18,0.8862354336522271
640,ML06,2022-01-08T04:50:14.470000,0.70250535,S,ML06_20220108_008_04.mseed,19,0.4484302812125423
639,ML06,2022-01-08T04:50:14.000000,0.44810882,P,ML06_20220108_008_04.mseed,19,0.324187425192375
599,ML13,2022-01-08T04:50:14.400000,0.12996686,S,ML13_20220108_008_04.mseed,19,0.1494478898216605
609,ML12,2022-01-08T04:50:14.490000,0.16637169,P,ML12_20220108_008_04.mseed,19,0.1905726669213538
610,ML12,2022-01-08T04:50:14.860000,0.49163762,S,ML12_20220108_008_04.mseed,19,0.2771092566662381
632,ML08,2022-01-08T04:50:14.920000,0.124204986,P,ML08_20220108_008_04.mseed,19,0.1419911038430467
633,ML08,2022-01-08T04:50:15.090000,0.3230155,S,ML08_20220108_008_04.mseed,19,0.0282897930098883
662,ML02,2022-01-08T04:50:13.910000,0.87578154,P,ML02_20220108_008_04.mseed,19,0.6981577432088376
663,ML02,2022-01-08T04:50:14.270000,0.59358686,S,ML02_20220108_008_04.mseed,19,1.0039319841035128
594,ML14,2022-01-08T04:50:13.810000,0.5016992,P,ML14_20220108_008_04.mseed,19,0.5462483287083502
653,ML05,2022-01-08T04:50:14.520000,0.68154114,S,ML05_20220108_008_04.mseed,19,0.7292759807568858
657,ML04,2022-01-08T04:50:14.230000,0.60696054,S,ML04_20220108_008_04.mseed,19,0.5732877951594373
595,ML14,2022-01-08T04:50:14.150000,0.7828392,S,ML14_20220108_008_04.mseed,19,0.9000486452790872
656,ML04,2022-01-08T04:50:13.820000,0.5455761,P,ML04_20220108_008_04.mseed,19,0.7394630046989598
625,ML10,2022-01-08T09:20:26.970000,0.41071004,S,ML10_20220108_008_09.mseed,20,0.4472699626680792
624,ML10,2022-01-08T09:20:26.290000,0.8795175,P,ML10_20220108_008_09.mseed,20,0.0600519583878917
650,ML05,2022-01-08T09:20:27.110000,0.54959613,S,ML05_20220108_008_09.mseed,20,0.3188539745292273
629,ML08,2022-01-08T09:20:27.050000,0.14541405,P,ML08_20220108_008_09.mseed,20,0.2537036968000851
660,ML02,2022-01-08T09:20:26.090000,0.8587704,P,ML02_20220108_008_09.mseed,20,0.3114621486300318
670,ML01,2022-01-08T09:20:27.440000,0.38325083,P,ML01_20220108_008_09.mseed,20,0.0658588363438648
649,ML05,2022-01-08T09:20:26.350000,0.7227937,P,ML05_20220108_008_09.mseed,20,0.0905499660476821
661,ML02,2022-01-08T09:20:26.540000,0.10540135,S,ML02_20220108_008_09.mseed,20,0.473455652576462
636,ML06,2022-01-08T09:20:31.140000,0.36310488,S,ML06_20220108_008_09.mseed,21,0.2018807525447748
631,ML08,2022-01-08T09:20:32.050000,0.648816,S,ML08_20220108_008_09.mseed,21,0.188969297650398
630,ML08,2022-01-08T09:20:31.280000,0.867508,P,ML08_20220108_008_09.mseed,21,0.2543952156612141
606,ML12,2022-01-08T09:20:30.610000,0.46795642,S,ML12_20220108_008_09.mseed,21,0.1346073730697677
614,ML11,2022-01-08T09:20:30.980000,0.14271931,S,ML11_20220108_008_09.mseed,21,0.0738774551474579
613,ML11,2022-01-08T09:20:30.420000,0.8634541,P,ML11_20220108_008_09.mseed,21,0.5019614342863953
635,ML06,2022-01-08T09:20:30.590000,0.8498236,P,ML06_20220108_008_09.mseed,21,0.5089533640754409
607,ML12,2022-01-08T09:43:45.930000,0.57605815,P,ML12_20220108_008_09.mseed,22,0.4615315093063153
608,ML12,2022-01-08T09:43:46.380000,0.53027016,S,ML12_20220108_008_09.mseed,22,0.428503749121554
637,ML06,2022-01-08T09:43:46.270000,0.22019461,P,ML06_20220108_008_09.mseed,22,0.1767405802224585
634,ML07,2022-01-08T09:43:45.670000,0.9293173,P,ML07_20220108_008_09.mseed,22,0.6727611886425712
615,ML11,2022-01-08T09:43:46.600000,0.71467566,P,ML11_20220108_008_09.mseed,22,0.2685416975268285
616,ML11,2022-01-08T09:43:47.060000,0.544609,S,ML11_20220108_008_09.mseed,22,0.3724538444869504
628,ML09,2022-01-08T09:43:45.570000,0.836924,P,ML09_20220108_008_09.mseed,22,0.5119874857351777
638,ML06,2022-01-08T09:43:46.700000,0.45469156,S,ML06_20220108_008_09.mseed,22,0.2651000954944474
626,ML10,2022-01-08T09:46:28.950000,0.9141764,P,ML10_20220108_008_09.mseed,23,0.2982025927686766
671,ML01,2022-01-08T09:46:30.050000,0.9615346,P,ML01_20220108_008_09.mseed,23,0.1579347780585525
652,ML05,2022-01-08T09:46:29.410000,0.26022005,S,ML05_20220108_008_09.mseed,23,0.1671675671242811
659,ML03,2022-01-08T09:46:30.420000,0.56102556,P,ML03_20220108_008_09.mseed,23,0.0940277689260909
598,ML13,2022-01-08T09:46:29.820000,0.94750386,P,ML13_20220108_008_09.mseed,23,0.6291774079028851
627,ML10,2022-01-08T09:46:29.570000,0.27079636,S,ML10_20220108_008_09.mseed,23,0.1800791945673811
651,ML05,2022-01-08T09:46:29.030000,0.8227612,P,ML05_20220108_008_09.mseed,23,0.3572945174351366
647,ML05,2022-01-08T23:41:14.700000,0.87738794,P,ML05_20220108_008_23.mseed,24,0.2420329050098247
623,ML10,2022-01-08T23:41:14.760000,0.6554288,P,ML10_20220108_008_23.mseed,24,0.0867495139194539
648,ML05,2022-01-08T23:41:14.860000,0.19751678,S,ML05_20220108_008_23.mseed,24,0.3522954223827191
669,ML01,2022-01-08T23:41:15.680000,0.93867236,P,ML01_20220108_008_23.mseed,24,0.397017551492568
658,ML03,2022-01-08T23:41:15.190000,0.87357,P,ML03_20220108_008_23.mseed,24,0.0866620110669743
587,ML02,2022-01-09T00:34:39.020000,0.6757325,P,ML02_20220109_009_00.mseed,25,0.5035080173421331
588,ML02,2022-01-09T00:34:39.260000,0.23396423,S,ML02_20220109_009_00.mseed,25,0.1751117074571176
592,ML01,2022-01-09T00:34:40.330000,0.755291,P,ML01_20220109_009_00.mseed,25,0.1872444351040563
564,ML05,2022-01-09T00:34:38.980000,0.42162216,P,ML05_20220109_009_00.mseed,25,0.1512618244728293
473,ML15,2022-01-09T00:34:40.140000,0.9651938,P,ML15_20220109_009_00.mseed,25,0.7271036183757439
522,ML11,2022-01-09T00:34:39.910000,0.18177412,S,ML11_20220109_009_00.mseed,25,0.1369289399904733
573,ML03,2022-01-09T00:34:38.940000,0.64735466,P,ML03_20220109_009_00.mseed,25,0.4131979998069056
498,ML13,2022-01-09T00:34:39.570000,0.1972564,P,ML13_20220109_009_00.mseed,25,0.1397488402404334
506,ML12,2022-01-09T01:04:29.660000,0.7454614,P,ML12_20220109_009_01.mseed,26,0.2698160223250788
539,ML08,2022-01-09T01:04:29.930000,0.11363018,P,ML08_20220109_009_01.mseed,26,0.0944828591254366
557,ML06,2022-01-09T01:04:30.770000,0.17570119,P,ML06_20220109_009_01.mseed,26,0.3155924743014507
556,ML06,2022-01-09T01:04:30.850000,0.6318834,S,ML06_20220109_009_01.mseed,26,0.0881675905643931
541,ML07,2022-01-09T01:04:30.740000,0.25246963,P,ML07_20220109_009_01.mseed,26,0.061617214506581
521,ML11,2022-01-09T01:04:29.450000,0.77850074,P,ML11_20220109_009_01.mseed,26,0.1908477123852235
572,ML03,2022-01-09T01:04:30.220000,0.8239896,P,ML03_20220109_009_01.mseed,26,0.0899000140342274
543,ML06,2022-01-09T09:05:39.760000,0.8655625,S,ML06_20220109_009_09.mseed,27,1.0064233507788498
508,ML11,2022-01-09T09:05:40.100000,0.6374059,S,ML11_20220109_009_09.mseed,27,0.617844561618188
475,ML14,2022-01-09T09:05:39.930000,0.52482814,S,ML14_20220109_009_09.mseed,27,0.6114732994652424
474,ML14,2022-01-09T09:05:39.390000,0.8790059,P,ML14_20220109_009_09.mseed,27,1.0249928720175263
574,ML02,2022-01-09T09:05:39.750000,0.558295,P,ML02_20220109_009_09.mseed,27,0.5009568599831148
575,ML02,2022-01-09T09:05:40.130000,0.694801,S,ML02_20220109_009_09.mseed,27,0.8017305162788261
542,ML06,2022-01-09T09:05:39.180000,0.9499692,P,ML06_20220109_009_09.mseed,27,1.0112555247231418
465,ML15,2022-01-09T09:05:40.900000,0.1547358,S,ML15_20220109_009_09.mseed,27,0.1803795794929673
507,ML11,2022-01-09T09:05:39.290000,0.8354364,P,ML11_20220109_009_09.mseed,27,0.9315513233961592
488,ML13,2022-01-09T09:05:39.660000,0.52444524,P,ML13_20220109_009_09.mseed,27,0.6077958391716541
489,ML13,2022-01-09T09:05:40.240000,0.5450276,S,ML13_20220109_009_09.mseed,27,0.5967747573821982
577,ML02,2022-01-09T09:09:14.850000,0.7365038,S,ML02_20220109_009_09.mseed,28,0.2254589656135453
576,ML02,2022-01-09T09:09:14.140000,0.95736223,P,ML02_20220109_009_09.mseed,28,1.0406236185073223
490,ML13,2022-01-09T09:09:14.410000,0.7359568,P,ML13_20220109_009_09.mseed,28,0.8661865503707546
491,ML13,2022-01-09T09:09:15.130000,0.88304067,S,ML13_20220109_009_09.mseed,28,1.0015564595784368
529,ML08,2022-01-09T09:09:14.610000,0.7003072,P,ML08_20220109_009_09.mseed,28,0.7235049859754734
477,ML14,2022-01-09T09:09:14.680000,0.7469218,S,ML14_20220109_009_09.mseed,28,0.8625473090508903
530,ML08,2022-01-09T09:09:15.470000,0.67626697,S,ML08_20220109_009_09.mseed,28,0.9982534364121828
466,ML15,2022-01-09T09:09:15.640000,0.20068476,S,ML15_20220109_009_09.mseed,28,0.1990392109595822
545,ML06,2022-01-09T09:09:14.560000,0.8898109,S,ML06_20220109_009_09.mseed,28,0.7110186226615836
544,ML06,2022-01-09T09:09:14.040000,0.8998071,P,ML06_20220109_009_09.mseed,28,0.7591635856106622
499,ML12,2022-01-09T09:09:14.890000,0.6404818,P,ML12_20220109_009_09.mseed,28,0.7432961341443998
500,ML12,2022-01-09T09:09:16.190000,0.8109681,S,ML12_20220109_009_09.mseed,28,0.0296503561123412
510,ML11,2022-01-09T09:09:14.810000,0.8617637,S,ML11_20220109_009_09.mseed,28,0.0018102553990933
558,ML05,2022-01-09T09:09:15.920000,0.3464657,S,ML05_20220109_009_09.mseed,28,1.060769891806903
476,ML14,2022-01-09T09:09:14.140000,0.8869844,P,ML14_20220109_009_09.mseed,28,1.0426972664724043
509,ML11,2022-01-09T09:09:14.170000,0.6137517,P,ML11_20220109_009_09.mseed,28,0.7097287905742108
531,ML08,2022-01-09T09:22:35.180000,0.44055665,P,ML08_20220109_009_09.mseed,29,0.6306848082262745
478,ML14,2022-01-09T09:22:34.390000,0.8666203,P,ML14_20220109_009_09.mseed,29,0.7399509653138545
479,ML14,2022-01-09T09:22:34.980000,0.52617896,S,ML14_20220109_009_09.mseed,29,0.4612118679866389
467,ML15,2022-01-09T09:22:35.930000,0.10164139,S,ML15_20220109_009_09.mseed,29,0.0639799216384915
578,ML02,2022-01-09T09:22:34.480000,0.9114644,P,ML02_20220109_009_09.mseed,29,0.4914735263989414
579,ML02,2022-01-09T09:22:35.040000,0.7212733,S,ML02_20220109_009_09.mseed,29,0.7055566598628766
546,ML06,2022-01-09T09:22:33.890000,0.7870009,P,ML06_20220109_009_09.mseed,29,0.4776072730290356
547,ML06,2022-01-09T09:22:34.740000,0.8497602,S,ML06_20220109_009_09.mseed,29,0.429828787841862
512,ML11,2022-01-09T09:22:34.770000,0.7108793,S,ML11_20220109_009_09.mseed,29,0.5780336306869905
511,ML11,2022-01-09T09:22:34.330000,0.70450723,P,ML11_20220109_009_09.mseed,29,0.0069507677661566
559,ML05,2022-01-09T09:22:35.960000,0.5129568,S,ML05_20220109_009_09.mseed,29,0.5397666417293694
501,ML12,2022-01-09T09:22:36.490000,0.34889328,S,ML12_20220109_009_09.mseed,29,0.008447768812765
502,ML12,2022-01-09T09:22:36.210000,0.10138119,P,ML12_20220109_009_09.mseed,29,0.3042733573598153
532,ML08,2022-01-09T09:22:35.650000,0.54374313,S,ML08_20220109_009_09.mseed,29,0.3202522697592939
565,ML04,2022-01-09T09:22:34.560000,0.3019964,P,ML04_20220109_009_09.mseed,29,0.4326773434812332
566,ML04,2022-01-09T09:22:34.930000,0.53900033,S,ML04_20220109_009_09.mseed,29,0.2742436258482182
567,ML04,2022-01-09T09:28:12.850000,0.9184177,P,ML04_20220109_009_09.mseed,30,0.0267322250966909
568,ML04,2022-01-09T09:28:13.400000,0.56059045,S,ML04_20220109_009_09.mseed,30,1.3364769208630858
469,ML15,2022-01-09T09:28:14.510000,0.90023255,S,ML15_20220109_009_09.mseed,30,1.202519004305021
590,ML01,2022-01-09T09:28:14.240000,0.38779616,S,ML01_20220109_009_09.mseed,30,1.094889615648425
533,ML08,2022-01-09T09:28:13.290000,0.7895334,P,ML08_20220109_009_09.mseed,30,0.6682201825291775
571,ML03,2022-01-09T09:28:13.550000,0.15069866,S,ML03_20220109_009_09.mseed,30,0.8255379722876218
524,ML10,2022-01-09T09:28:14.130000,0.8133257,S,ML10_20220109_009_09.mseed,30,1.2029778016942678
534,ML08,2022-01-09T09:28:14.330000,0.7523611,S,ML08_20220109_009_09.mseed,30,1.148394720035694
492,ML13,2022-01-09T09:28:13.110000,0.9654745,P,ML13_20220109_009_09.mseed,30,1.4184709954316577
503,ML12,2022-01-09T09:28:13.610000,0.63715565,P,ML12_20220109_009_09.mseed,30,0.9079404257115768
504,ML12,2022-01-09T09:28:14.250000,0.3484499,S,ML12_20220109_009_09.mseed,30,0.2313438632210779
548,ML06,2022-01-09T09:28:12.710000,0.9627955,P,ML06_20220109_009_09.mseed,30,0.6140456229113661
523,ML10,2022-01-09T09:28:13.240000,0.8812257,P,ML10_20220109_009_09.mseed,30,1.151972173191728
561,ML05,2022-01-09T09:28:13.610000,0.15363957,S,ML05_20220109_009_09.mseed,30,0.5170125212146885
560,ML05,2022-01-09T09:28:13.410000,0.38167426,P,ML05_20220109_009_09.mseed,30,1.3171336982879085
493,ML13,2022-01-09T09:28:13.830000,0.8516643,S,ML13_20220109_009_09.mseed,30,1.2542040929548055
513,ML11,2022-01-09T09:28:12.920000,0.94346505,P,ML11_20220109_009_09.mseed,30,0.0659586731447252
549,ML06,2022-01-09T09:28:13.310000,0.89449066,S,ML06_20220109_009_09.mseed,30,1.2578121952817456
589,ML01,2022-01-09T09:28:13.530000,0.87667596,P,ML01_20220109_009_09.mseed,30,1.1581982739475656
581,ML02,2022-01-09T09:28:13.550000,0.8167976,S,ML02_20220109_009_09.mseed,30,1.4040624717046926
480,ML14,2022-01-09T09:28:12.830000,0.9480337,P,ML14_20220109_009_09.mseed,30,1.3656465138706342
481,ML14,2022-01-09T09:28:13.400000,0.7915306,S,ML14_20220109_009_09.mseed,30,1.1650523628702432
468,ML15,2022-01-09T09:28:13.450000,0.9738995,P,ML15_20220109_009_09.mseed,30,1.289966951044037
514,ML11,2022-01-09T09:28:13.540000,0.7848228,S,ML11_20220109_009_09.mseed,30,1.3766576668465162
580,ML02,2022-01-09T09:28:12.950000,0.9555142,P,ML02_20220109_009_09.mseed,30,0.2026365384609601
516,ML11,2022-01-09T09:28:43.070000,0.60450375,S,ML11_20220109_009_09.mseed,31,1.2697586333222477
525,ML10,2022-01-09T09:28:42.140000,0.14045507,P,ML10_20220109_009_09.mseed,31,0.7739519000115503
591,ML01,2022-01-09T09:28:42.940000,0.4657586,P,ML01_20220109_009_09.mseed,31,0.9203441711706636
569,ML04,2022-01-09T09:28:42.340000,0.93499917,P,ML04_20220109_009_09.mseed,31,0.3505964622252197
536,ML08,2022-01-09T09:28:43.810000,0.7986455,S,ML08_20220109_009_09.mseed,31,0.9051262350801996
535,ML08,2022-01-09T09:28:42.740000,0.7324842,P,ML08_20220109_009_09.mseed,31,0.5552737812894887
470,ML15,2022-01-09T09:28:42.950000,0.7075601,P,ML15_20220109_009_09.mseed,31,0.8948244867923012
551,ML06,2022-01-09T09:28:42.770000,0.42660442,S,ML06_20220109_009_09.mseed,31,0.778952593885982
550,ML06,2022-01-09T09:28:42.160000,0.5910149,P,ML06_20220109_009_09.mseed,31,0.7645262268724965
583,ML02,2022-01-09T09:28:42.970000,0.7294147,S,ML02_20220109_009_09.mseed,31,0.062034799102768
495,ML13,2022-01-09T09:28:43.250000,0.4472773,S,ML13_20220109_009_09.mseed,31,1.3031466196272643
582,ML02,2022-01-09T09:28:42.340000,0.69159985,P,ML02_20220109_009_09.mseed,31,0.2211334002029521
471,ML15,2022-01-09T09:28:43.970000,0.83856833,S,ML15_20220109_009_09.mseed,31,0.9188149288699324
494,ML13,2022-01-09T09:28:42.580000,0.9815128,P,ML13_20220109_009_09.mseed,31,0.0376863709786361
515,ML11,2022-01-09T09:28:42.340000,0.9494715,P,ML11_20220109_009_09.mseed,31,0.4735554823005356
526,ML10,2022-01-09T09:28:43.630000,0.5778359,S,ML10_20220109_009_09.mseed,31,0.0525619863188991
482,ML14,2022-01-09T09:28:42.320000,0.97645414,P,ML14_20220109_009_09.mseed,31,1.3064263166478878
483,ML14,2022-01-09T09:28:42.940000,0.46325332,S,ML14_20220109_009_09.mseed,31,0.5811785123488769
570,ML04,2022-01-09T09:28:42.920000,0.17697008,S,ML04_20220109_009_09.mseed,31,1.219802207492379
562,ML05,2022-01-09T09:28:42.860000,0.41475517,P,ML05_20220109_009_09.mseed,31,0.5342275816223758
563,ML05,2022-01-09T09:28:43.610000,0.29762143,S,ML05_20220109_009_09.mseed,31,0.4822709728552756
552,ML06,2022-01-09T09:39:18.780000,0.9131107,P,ML06_20220109_009_09.mseed,32,0.824114819366317
553,ML06,2022-01-09T09:39:19.360000,0.91320616,S,ML06_20220109_009_09.mseed,32,0.8249076478207239
496,ML13,2022-01-09T09:39:19.260000,0.5645239,P,ML13_20220109_009_09.mseed,32,0.5019909941152938
497,ML13,2022-01-09T09:39:19.930000,0.7438297,S,ML13_20220109_009_09.mseed,32,0.6477378845751482
472,ML15,2022-01-09T09:39:20.360000,0.18043351,S,ML15_20220109_009_09.mseed,32,0.0720270138970451
585,ML02,2022-01-09T09:39:19.640000,0.56478137,S,ML02_20220109_009_09.mseed,32,0.5448964458051484
584,ML02,2022-01-09T09:39:19.110000,0.6781318,P,ML02_20220109_009_09.mseed,32,0.6462301817619963
505,ML12,2022-01-09T09:39:21.160000,0.5344999,S,ML12_20220109_009_09.mseed,32,0.4437116457057696
518,ML11,2022-01-09T09:39:19.680000,0.7605907,S,ML11_20220109_009_09.mseed,32,0.7115293862536743
517,ML11,2022-01-09T09:39:18.950000,0.9190508,P,ML11_20220109_009_09.mseed,32,0.801838098114905
485,ML14,2022-01-09T09:39:19.510000,0.6384988,S,ML14_20220109_009_09.mseed,32,0.6199052437807216
484,ML14,2022-01-09T09:39:18.950000,0.77027386,P,ML14_20220109_009_09.mseed,32,0.7029263495289272
538,ML08,2022-01-09T09:39:20.410000,0.37641925,S,ML08_20220109_009_09.mseed,32,0.3436059565570897
537,ML08,2022-01-09T09:39:20.320000,0.23011422,P,ML08_20220109_009_09.mseed,32,0.0225621800941441
555,ML06,2022-01-09T09:39:51.040000,0.7828053,S,ML06_20220109_009_09.mseed,33,0.4825590449298539
554,ML06,2022-01-09T09:39:50.510000,0.77403784,P,ML06_20220109_009_09.mseed,33,0.2948650083404553
527,ML09,2022-01-09T09:39:49.080000,0.90485024,P,ML09_20220109_009_09.mseed,33,0.309644516949353
486,ML14,2022-01-09T09:39:50.690000,0.70125556,P,ML14_20220109_009_09.mseed,33,0.2724861341959941
528,ML09,2022-01-09T09:39:49.870000,0.73039424,S,ML09_20220109_009_09.mseed,33,0.2240311976293258
586,ML02,2022-01-09T09:39:51.340000,0.49977326,S,ML02_20220109_009_09.mseed,33,0.4285700297509747
520,ML11,2022-01-09T09:39:51.310000,0.8557596,S,ML11_20220109_009_09.mseed,33,0.1108707424761008
519,ML11,2022-01-09T09:39:49.310000,0.14856032,P,ML11_20220109_009_09.mseed,33,0.0442984017686946
487,ML14,2022-01-09T09:39:51.160000,0.25530252,S,ML14_20220109_009_09.mseed,33,0.1502782977809148
540,ML07,2022-01-09T09:39:49.690000,0.461391,S,ML07_20220109_009_09.mseed,33,0.282368585474067
446,ML12,2022-01-10T17:00:35.220000,0.10189832,S,ML12_20220110_010_17.mseed,34,0.0956376571542649
447,ML11,2022-01-10T17:00:34.930000,0.156789,S,ML11_20220110_010_17.mseed,34,0.1690435361318355
458,ML03,2022-01-10T17:00:34.770000,0.31655884,S,ML03_20220110_010_17.mseed,34,0.272496714965951
462,ML02,2022-01-10T17:00:34.610000,0.59784794,S,ML02_20220110_010_17.mseed,34,0.6764241888010639
456,ML04,2022-01-10T17:00:34.280000,0.5653299,P,ML04_20220110_010_17.mseed,34,0.6335351182950452
457,ML04,2022-01-10T17:00:34.530000,0.5181895,S,ML04_20220110_010_17.mseed,34,0.5355388051988973
442,ML13,2022-01-10T17:00:34.620000,0.5187547,S,ML13_20220110_010_17.mseed,34,0.5629610571401393
461,ML02,2022-01-10T17:00:34.160000,0.74197024,P,ML02_20220110_010_17.mseed,34,0.8381046790284099
443,ML13,2022-01-10T17:00:34.450000,0.13631439,P,ML13_20220110_010_17.mseed,34,0.1283662160236138
440,ML14,2022-01-10T17:00:34.420000,0.4004599,S,ML14_20220110_010_17.mseed,34,0.4066744668872656
439,ML14,2022-01-10T17:00:34.180000,0.14913975,P,ML14_20220110_010_17.mseed,34,0.169132435808937
448,ML10,2022-01-10T17:30:33.720000,0.93953085,P,ML10_20220110_010_17.mseed,35,0.3005669985602484
449,ML10,2022-01-10T17:30:34.380000,0.259883,S,ML10_20220110_010_17.mseed,35,0.0703573192177124
453,ML06,2022-01-10T17:30:34.520000,0.58338135,S,ML06_20220110_010_17.mseed,35,0.2653287508718279
455,ML05,2022-01-10T17:30:33.410000,0.5094595,S,ML05_20220110_010_17.mseed,35,0.3152823199622145
464,ML01,2022-01-10T17:30:32.650000,0.20602648,S,ML01_20220110_010_17.mseed,35,0.204803280535894
463,ML01,2022-01-10T17:30:31.980000,0.732936,P,ML01_20220110_010_17.mseed,35,0.1219752833038829
460,ML03,2022-01-10T17:30:34.420000,0.37338203,S,ML03_20220110_010_17.mseed,35,0.2677919021409592
459,ML03,2022-01-10T17:30:33.870000,0.87005377,P,ML03_20220110_010_17.mseed,35,0.2307376055610727
445,ML13,2022-01-10T17:30:32.450000,0.36518207,S,ML13_20220110_010_17.mseed,35,0.0840546279355716
454,ML05,2022-01-10T17:30:33.070000,0.70575744,P,ML05_20220110_010_17.mseed,35,0.2635554924955277
452,ML06,2022-01-10T17:30:33.300000,0.63496655,P,ML06_20220110_010_17.mseed,35,0.1966390300356586
441,ML14,2022-01-10T17:30:33.830000,0.8219323,P,ML14_20220110_010_17.mseed,35,0.3198852144934393
451,ML07,2022-01-10T17:30:32.450000,0.46524245,S,ML07_20220110_010_17.mseed,35,0.2727966263953608
444,ML13,2022-01-10T17:30:31.970000,0.8719886,P,ML13_20220110_010_17.mseed,35,0.1910403866573628
450,ML07,2022-01-10T17:30:31.930000,0.842936,P,ML07_20220110_010_17.mseed,35,0.0152320113469478
421,ML08,2022-01-14T04:28:05.890000,0.32925746,S,ML08_20220114_014_04.mseed,36,0.3510308104095105
411,ML13,2022-01-14T04:28:05.160000,0.92270553,P,ML13_20220114_014_04.mseed,36,0.9158965543736368
403,ML15,2022-01-14T04:28:05.370000,0.56144804,P,ML15_20220114_014_04.mseed,36,0.5933194179728922
432,ML04,2022-01-14T04:28:05.030000,0.10193547,P,ML04_20220114_014_04.mseed,36,0.4953807804939638
430,ML05,2022-01-14T04:28:04.940000,0.8167782,P,ML05_20220114_014_04.mseed,36,0.0146789022710105
431,ML05,2022-01-14T04:28:05.720000,0.45381206,S,ML05_20220114_014_04.mseed,36,0.8375129573074652
438,ML02,2022-01-14T04:28:05.400000,0.31336716,S,ML02_20220114_014_04.mseed,36,0.3602785668432994
437,ML02,2022-01-14T04:28:04.850000,0.3931201,P,ML02_20220114_014_04.mseed,36,0.240656640957093
433,ML03,2022-01-14T04:28:05.130000,0.8547199,P,ML03_20220114_014_04.mseed,36,0.1116746314506084
434,ML03,2022-01-14T04:28:05.510000,0.22118852,S,ML03_20220114_014_04.mseed,36,0.8398619532521177
418,ML11,2022-01-14T04:28:05.900000,0.3681487,S,ML11_20220114_014_04.mseed,36,0.3147535903925695
425,ML06,2022-01-14T04:28:05.170000,0.75798166,P,ML06_20220114_014_04.mseed,36,0.8455293395241181
406,ML14,2022-01-14T04:28:04.610000,0.31077623,P,ML14_20220114_014_04.mseed,36,0.1756957923539016
426,ML06,2022-01-14T04:28:05.730000,0.51532316,S,ML06_20220114_014_04.mseed,36,0.5618649954346471
404,ML15,2022-01-14T04:28:05.820000,0.35382518,S,ML15_20220114_014_04.mseed,36,0.1034580500023136
405,ML14,2022-01-14T04:28:05.220000,0.16253667,S,ML14_20220114_014_04.mseed,36,0.1239155797834425
412,ML13,2022-01-14T04:28:05.700000,0.30509228,S,ML13_20220114_014_04.mseed,36,0.2861660753193336
420,ML08,2022-01-14T04:28:05.410000,0.6665002,P,ML08_20220114_014_04.mseed,36,0.5610677895646142
417,ML11,2022-01-14T04:28:05.170000,0.54247653,P,ML11_20220114_014_04.mseed,36,0.5846985512055012
429,ML05,2022-01-14T09:23:01.400000,0.85028505,P,ML05_20220114_014_09.mseed,37,0.5489907813215273
415,ML11,2022-01-14T09:23:00.700000,0.66090345,P,ML11_20220114_014_09.mseed,37,0.4307307124015064
416,ML11,2022-01-14T09:23:00.990000,0.25818747,S,ML11_20220114_014_09.mseed,37,0.1607741982756376
419,ML10,2022-01-14T09:23:00.280000,0.55982274,P,ML10_20220114_014_09.mseed,37,0.107955630085015
409,ML13,2022-01-14T09:23:01.500000,0.56038606,P,ML13_20220114_014_09.mseed,37,0.2567765592024236
410,ML13,2022-01-14T09:23:01.740000,0.37298378,S,ML13_20220114_014_09.mseed,37,0.2440701579321589
422,ML07,2022-01-14T09:23:01.840000,0.87634164,P,ML07_20220114_014_09.mseed,37,0.3953579304600906
427,ML05,2022-01-14T16:30:53.380000,0.69605815,S,ML05_20220114_014_16.mseed,38,0.7051342726886745
436,ML02,2022-01-14T16:30:52.790000,0.50633574,S,ML02_20220114_014_16.mseed,38,0.5138427789704583
428,ML05,2022-01-14T16:30:52.870000,0.1356593,P,ML05_20220114_014_16.mseed,38,0.1378500584996317
435,ML02,2022-01-14T16:30:52.500000,0.5560702,P,ML02_20220114_014_16.mseed,38,0.5631559012494396
424,ML06,2022-01-14T16:30:52.970000,0.10379326,P,ML06_20220114_014_16.mseed,38,0.0914220877994023
423,ML06,2022-01-14T16:30:53.070000,0.6546192,S,ML06_20220114_014_16.mseed,38,0.5885062428407559
413,ML12,2022-01-14T16:30:53.110000,0.27706847,P,ML12_20220114_014_16.mseed,38,0.2824879754672537
414,ML12,2022-01-14T16:30:53.520000,0.79522085,S,ML12_20220114_014_16.mseed,38,0.4390763086113446
408,ML13,2022-01-14T16:30:53.300000,0.36613214,S,ML13_20220114_014_16.mseed,38,0.3246969168964665
407,ML13,2022-01-14T16:30:52.930000,0.54123485,P,ML13_20220114_014_16.mseed,38,0.4497952501050984
395,ML12,2022-01-15T19:29:38.520000,0.22265677,S,ML12_20220115_015_19.mseed,39,0.2284059354113342
394,ML12,2022-01-15T19:29:37.550000,0.88312024,P,ML12_20220115_015_19.mseed,39,0.607359761564056
392,ML15,2022-01-15T19:29:38.840000,0.5071392,S,ML15_20220115_015_19.mseed,39,0.4458391806737873
393,ML13,2022-01-15T19:29:37.680000,0.92760944,P,ML13_20220115_015_19.mseed,39,0.9749010664314632
400,ML05,2022-01-15T19:29:38.440000,0.5693252,S,ML05_20220115_015_19.mseed,39,0.5412365387084036
396,ML08,2022-01-15T19:29:37.990000,0.11074855,P,ML08_20220115_015_19.mseed,39,0.1044592955857894
397,ML06,2022-01-15T19:29:37.660000,0.46070766,P,ML06_20220115_015_19.mseed,39,0.3388319677404236
398,ML06,2022-01-15T19:29:38.970000,0.24410465,S,ML06_20220115_015_19.mseed,39,0.2075705693911803
391,ML15,2022-01-15T19:29:38.420000,0.39100498,P,ML15_20220115_015_19.mseed,39,0.2773869859304729
399,ML05,2022-01-15T19:29:37.880000,0.7153647,P,ML05_20220115_015_19.mseed,39,0.6493415162510154
402,ML02,2022-01-15T19:29:38.250000,0.20203732,S,ML02_20220115_015_19.mseed,39,0.1637206237219267
401,ML02,2022-01-15T19:29:37.920000,0.19492786,P,ML02_20220115_015_19.mseed,39,0.1948840121823606
389,ML02,2022-01-17T06:26:16.330000,0.3540894,S,ML02_20220117_017_06.mseed,40,0.3068296400850968
373,ML08,2022-01-17T06:26:16.920000,0.2446864,P,ML08_20220117_017_06.mseed,40,0.1082709698486979
360,ML13,2022-01-17T06:26:16.800000,0.61302614,S,ML13_20220117_017_06.mseed,40,0.529296848485657
359,ML13,2022-01-17T06:26:16.050000,0.57369244,P,ML13_20220117_017_06.mseed,40,0.4037177453517829
377,ML06,2022-01-17T06:26:15.670000,0.91162515,P,ML06_20220117_017_06.mseed,40,0.651859673755838
374,ML08,2022-01-17T06:26:17.090000,0.13596365,S,ML08_20220117_017_06.mseed,40,0.1170170351002353
378,ML06,2022-01-17T06:26:16.240000,0.8187803,S,ML06_20220117_017_06.mseed,40,0.6427290697142016
367,ML11,2022-01-17T06:26:16.090000,0.78315425,S,ML11_20220117_017_06.mseed,40,0.591344168600933
375,ML06,2022-01-17T14:01:25.620000,0.79962504,P,ML06_20220117_017_14.mseed,41,0.9586661819412348
376,ML06,2022-01-17T14:01:26.190000,0.5010693,S,ML06_20220117_017_14.mseed,41,0.6156177472094391
379,ML05,2022-01-17T14:01:25.000000,0.9237424,P,ML05_20220117_017_14.mseed,41,1.1676439372417478
366,ML11,2022-01-17T14:01:26.060000,0.5792128,S,ML11_20220117_017_14.mseed,41,0.7914328483790287
369,ML10,2022-01-17T14:01:25.640000,0.5542376,S,ML10_20220117_017_14.mseed,41,0.7620632991744828
368,ML10,2022-01-17T14:01:25.260000,0.6135707,P,ML10_20220117_017_14.mseed,41,0.7259862073311485
357,ML13,2022-01-17T14:01:25.140000,0.9276997,P,ML13_20220117_017_14.mseed,41,1.2741441999818075
371,ML08,2022-01-17T14:01:25.400000,0.91558355,P,ML08_20220117_017_14.mseed,41,1.0098354598996622
362,ML12,2022-01-17T14:01:25.690000,0.695562,S,ML12_20220117_017_14.mseed,41,0.791624269107293
361,ML12,2022-01-17T14:01:25.080000,0.94164073,P,ML12_20220117_017_14.mseed,41,1.1465075571948962
358,ML13,2022-01-17T14:01:26.000000,0.3777333,S,ML13_20220117_017_14.mseed,41,0.2588227448947413
352,ML15,2022-01-17T14:01:26.060000,0.21485005,S,ML15_20220117_017_14.mseed,41,0.2062792051597861
353,ML14,2022-01-17T14:01:25.440000,0.95154095,P,ML14_20220117_017_14.mseed,41,1.1109928901711974
354,ML14,2022-01-17T14:01:25.780000,0.14813352,S,ML14_20220117_017_14.mseed,41,0.1590790230500498
351,ML15,2022-01-17T14:01:25.280000,0.92921746,P,ML15_20220117_017_14.mseed,41,1.0388717887108831
365,ML11,2022-01-17T14:01:25.500000,0.8568639,P,ML11_20220117_017_14.mseed,41,0.924750906571802
382,ML04,2022-01-17T14:01:25.670000,0.11096891,S,ML04_20220117_017_14.mseed,41,0.0247290336546145
383,ML03,2022-01-17T14:01:25.540000,0.20539883,P,ML03_20220117_017_14.mseed,41,0.1075604198198365
384,ML03,2022-01-17T14:01:25.930000,0.29314882,S,ML03_20220117_017_14.mseed,41,0.3276579127517195
387,ML02,2022-01-17T14:01:25.270000,0.8725199,P,ML02_20220117_017_14.mseed,41,1.1391817221719387
390,ML01,2022-01-17T14:01:25.060000,0.37679285,P,ML01_20220117_017_14.mseed,41,0.5005718040519231
380,ML05,2022-01-17T14:01:25.590000,0.55991066,S,ML05_20220117_017_14.mseed,41,0.7353694117465781
388,ML02,2022-01-17T14:01:26.050000,0.7150622,S,ML02_20220117_017_14.mseed,41,0.9554738234242456
372,ML08,2022-01-17T14:01:26.030000,0.5634182,S,ML08_20220117_017_14.mseed,41,0.6388375147765397
381,ML04,2022-01-17T14:01:25.480000,0.58764285,P,ML04_20220117_017_14.mseed,41,0.7801063775600432
363,ML11,2022-01-17T22:46:00.880000,0.58605695,P,ML11_20220117_017_22.mseed,42,0.5421245992407869
349,ML15,2022-01-17T22:46:00.740000,0.286406,P,ML15_20220117_017_22.mseed,42,0.253338458116626
370,ML08,2022-01-17T22:46:01.950000,0.10931643,S,ML08_20220117_017_22.mseed,42,0.0980975128369206
355,ML13,2022-01-17T22:46:00.910000,0.9220286,P,ML13_20220117_017_22.mseed,42,0.8162780188954518
350,ML15,2022-01-17T22:46:01.740000,0.79976034,S,ML15_20220117_017_22.mseed,42,0.7607513333044668
356,ML13,2022-01-17T22:46:02.140000,0.71987087,S,ML13_20220117_017_22.mseed,42,0.6697508366456648
364,ML11,2022-01-17T22:46:01.990000,0.6912085,S,ML11_20220117_017_22.mseed,42,0.6441412214049828
386,ML02,2022-01-17T22:46:02.190000,0.56876826,S,ML02_20220117_017_22.mseed,42,0.3778204503724782
385,ML02,2022-01-17T22:46:01.710000,0.4005816,P,ML02_20220117_017_22.mseed,42,0.2007647965319369
329,ML15,2022-01-19T06:01:10.220000,0.6410865,S,ML15_20220119_019_06.mseed,43,0.4434331607137218
328,ML15,2022-01-19T06:01:08.790000,0.16117947,P,ML15_20220119_019_06.mseed,43,0.0794672394174488
345,ML06,2022-01-19T06:01:09.410000,0.44786152,S,ML06_20220119_019_06.mseed,43,0.2102789354934034
346,ML05,2022-01-19T06:01:09.190000,0.45976722,S,ML05_20220119_019_06.mseed,43,0.1738781821652263
344,ML06,2022-01-19T06:01:08.610000,0.7862388,P,ML06_20220119_019_06.mseed,43,0.3716685185738452
347,ML04,2022-01-19T06:01:09.810000,0.15719229,P,ML04_20220119_019_06.mseed,43,0.0391886871250613
342,ML07,2022-01-19T06:01:09.880000,0.25115737,P,ML07_20220119_019_06.mseed,43,0.0489752066450954
348,ML02,2022-01-19T06:01:09.920000,0.35157636,S,ML02_20220119_019_06.mseed,43,0.2424785990939175
339,ML10,2022-01-19T06:01:09.860000,0.11118358,S,ML10_20220119_019_06.mseed,43,0.0718598840498704
332,ML14,2022-01-19T06:01:08.490000,0.6938175,P,ML14_20220119_019_06.mseed,43,0.3189783383844113
333,ML14,2022-01-19T06:01:09.950000,0.12467705,S,ML14_20220119_019_06.mseed,43,0.0765445998931331
335,ML13,2022-01-19T06:01:09.400000,0.16320573,S,ML13_20220119_019_06.mseed,43,0.1032977946532199
338,ML11,2022-01-19T06:01:10.150000,0.24265938,S,ML11_20220119_019_06.mseed,43,0.1170615265372081
340,ML08,2022-01-19T22:17:13.970000,0.52762634,P,ML08_20220119_019_22.mseed,44,0.4726381300313032
341,ML08,2022-01-19T22:17:14.990000,0.10788448,S,ML08_20220119_019_22.mseed,44,0.0995585461728456
343,ML06,2022-01-19T22:17:13.170000,0.33255604,P,ML06_20220119_019_22.mseed,44,0.2075851267641408
331,ML14,2022-01-19T22:17:15.100000,0.34459022,S,ML14_20220119_019_22.mseed,44,0.2737934729369538
330,ML14,2022-01-19T22:17:13.710000,0.2747579,P,ML14_20220119_019_22.mseed,44,0.256578893190851
336,ML11,2022-01-19T22:17:13.960000,0.3410776,P,ML11_20220119_019_22.mseed,44,0.1800975809532936
334,ML13,2022-01-19T22:17:13.990000,0.951376,P,ML13_20220119_019_22.mseed,44,0.8942114328964904
337,ML11,2022-01-19T22:17:14.360000,0.690634,S,ML11_20220119_019_22.mseed,44,0.5809593891198634
327,ML15,2022-01-19T22:17:13.800000,0.95526206,P,ML15_20220119_019_22.mseed,44,0.8742159511946659
299,ML11,2022-01-20T17:31:41.630000,0.26658857,S,ML11_20220120_020_17.mseed,45,0.13364154273076
306,ML08,2022-01-20T17:31:40.980000,0.44432607,P,ML08_20220120_020_17.mseed,45,0.2017407938766048
295,ML12,2022-01-20T17:31:41.150000,0.5329777,S,ML12_20220120_020_17.mseed,45,0.4776739043394573
294,ML12,2022-01-20T17:31:40.430000,0.8366514,P,ML12_20220120_020_17.mseed,45,0.7680760473514168
316,ML05,2022-01-20T17:31:40.500000,0.5337324,P,ML05_20220120_020_17.mseed,45,0.5157915520745174
290,ML13,2022-01-20T17:31:41.150000,0.24266413,S,ML13_20220120_020_17.mseed,45,0.209814933555182
289,ML13,2022-01-20T17:31:40.700000,0.8701754,P,ML13_20220120_020_17.mseed,45,0.589758835401625
317,ML05,2022-01-20T17:31:40.930000,0.5570988,S,ML05_20220120_020_17.mseed,45,0.5422962080285694
323,ML02,2022-01-20T17:31:40.420000,0.8190874,P,ML02_20220120_020_17.mseed,45,0.798938857127094
298,ML11,2022-01-20T17:31:40.810000,0.1531312,P,ML11_20220120_020_17.mseed,45,0.110072530157397
281,ML15,2022-01-20T17:31:41.250000,0.2564893,S,ML15_20220120_020_17.mseed,45,0.1130088056922739
280,ML15,2022-01-20T17:31:40.720000,0.632615,P,ML15_20220120_020_17.mseed,45,0.6150490185205595
324,ML02,2022-01-20T17:31:40.920000,0.15872449,S,ML02_20220120_020_17.mseed,45,0.1254335346011781
311,ML06,2022-01-20T17:31:40.500000,0.5892918,P,ML06_20220120_020_17.mseed,45,0.5589193802466788
312,ML06,2022-01-20T17:31:40.980000,0.47335225,S,ML06_20220120_020_17.mseed,45,0.2573071854044275
307,ML06,2022-01-20T22:34:03.480000,0.41536292,P,ML06_20220120_020_22.mseed,46,0.8114534384997298
320,ML02,2022-01-20T22:34:03.170000,0.9477168,P,ML02_20220120_020_22.mseed,46,0.3502565878345498
277,ML15,2022-01-20T22:34:04.520000,0.33939764,S,ML15_20220120_020_22.mseed,46,0.2341353112954767
276,ML15,2022-01-20T22:34:04.030000,0.90180314,P,ML15_20220120_020_22.mseed,46,1.0092232355625752
291,ML12,2022-01-20T22:34:03.620000,0.94677794,P,ML12_20220120_020_22.mseed,46,0.7850101160214118
286,ML13,2022-01-20T22:34:04.000000,0.28237197,S,ML13_20220120_020_22.mseed,46,0.2912672624792033
285,ML13,2022-01-20T22:34:03.430000,0.9106469,P,ML13_20220120_020_22.mseed,46,1.019447535041906
313,ML05,2022-01-20T22:34:03.480000,0.3444968,P,ML05_20220120_020_22.mseed,46,0.5165264545004297
308,ML06,2022-01-20T22:34:04.040000,0.47560906,S,ML06_20220120_020_22.mseed,46,0.4649703108854787
303,ML08,2022-01-20T22:34:03.860000,0.9270588,P,ML08_20220120_020_22.mseed,46,0.1747193083747832
301,ML10,2022-01-20T22:34:03.760000,0.16662866,S,ML10_20220120_020_22.mseed,46,0.2235090715751355
300,ML10,2022-01-20T22:34:03.680000,0.24560432,P,ML10_20220120_020_22.mseed,46,0.0561552228805296
282,ML14,2022-01-20T22:34:03.400000,0.63755596,P,ML14_20220120_020_22.mseed,46,0.7068655844715319
326,ML01,2022-01-20T22:34:14.200000,0.5940527,S,ML01_20220120_020_22.mseed,47,0.975208146505022
292,ML12,2022-01-20T22:34:13.840000,0.32237333,P,ML12_20220120_020_22.mseed,47,0.7966357884868744
293,ML12,2022-01-20T22:34:14.050000,0.53140795,S,ML12_20220120_020_22.mseed,47,0.43392769052492
296,ML11,2022-01-20T22:34:13.380000,0.11264358,P,ML11_20220120_020_22.mseed,47,0.1686610760735881
297,ML11,2022-01-20T22:34:13.650000,0.2202048,S,ML11_20220120_020_22.mseed,47,0.1536706202534054
284,ML14,2022-01-20T22:34:13.350000,0.7778131,S,ML14_20220120_020_22.mseed,47,0.6940982602877223
287,ML13,2022-01-20T22:34:13.360000,0.39188984,P,ML13_20220120_020_22.mseed,47,1.031903022713898
314,ML05,2022-01-20T22:34:13.510000,0.13848451,P,ML05_20220120_020_22.mseed,47,0.8521686436832027
315,ML05,2022-01-20T22:34:13.790000,0.65081465,S,ML05_20220120_020_22.mseed,47,0.1848227109037458
302,ML10,2022-01-20T22:34:13.610000,0.24206564,S,ML10_20220120_020_22.mseed,47,0.2914605532117975
321,ML02,2022-01-20T22:34:12.830000,0.54643035,P,ML02_20220120_020_22.mseed,47,0.1589338228761017
322,ML02,2022-01-20T22:34:13.230000,0.5257486,S,ML02_20220120_020_22.mseed,47,0.5402872817141213
309,ML06,2022-01-20T22:34:13.350000,0.3102715,P,ML06_20220120_020_22.mseed,47,0.3195175890021993
310,ML06,2022-01-20T22:34:13.580000,0.72715235,S,ML06_20220120_020_22.mseed,47,0.4281820648906024
288,ML13,2022-01-20T22:34:13.710000,0.59387326,S,ML13_20220120_020_22.mseed,47,0.5235834978370156
278,ML15,2022-01-20T22:34:13.850000,0.14315166,P,ML15_20220120_020_22.mseed,47,0.1706168593742018
279,ML15,2022-01-20T22:34:14.570000,0.34428743,S,ML15_20220120_020_22.mseed,47,0.2103029171964489
318,ML04,2022-01-20T22:34:13.350000,0.34872082,S,ML04_20220120_020_22.mseed,47,0.8152870557282064
319,ML04,2022-01-20T22:34:13.290000,0.14044909,P,ML04_20220120_020_22.mseed,47,0.4804167289266049
283,ML14,2022-01-20T22:34:12.930000,0.5860462,P,ML14_20220120_020_22.mseed,47,0.0368252770994396
305,ML08,2022-01-20T22:34:14.440000,0.41051763,S,ML08_20220120_020_22.mseed,47,0.9171245631565328
325,ML01,2022-01-20T22:34:13.570000,0.70886004,P,ML01_20220120_020_22.mseed,47,0.7256364356978582
304,ML08,2022-01-20T22:34:13.720000,0.77384305,P,ML08_20220120_020_22.mseed,47,0.3237258188613033
268,ML03,2022-01-21T07:09:21.600000,0.17758735,S,ML03_20220121_021_07.mseed,48,0.0863384377227667
274,ML02,2022-01-21T07:09:20.450000,0.69148225,P,ML02_20220121_021_07.mseed,48,0.39635975250932
275,ML02,2022-01-21T07:09:21.690000,0.29221213,S,ML02_20220121_021_07.mseed,48,0.2476895683396931
220,ML15,2022-01-21T07:09:21.370000,0.84992087,P,ML15_20220121_021_07.mseed,48,0.5010712085481474
221,ML15,2022-01-21T07:09:21.820000,0.1974245,S,ML15_20220121_021_07.mseed,48,0.1720425769481094
265,ML05,2022-01-21T07:09:20.860000,0.18497518,S,ML05_20220121_021_07.mseed,48,0.1628415129389088
227,ML14,2022-01-21T07:09:21.030000,0.43740714,P,ML14_20220121_021_07.mseed,48,0.3269130339591558
235,ML13,2022-01-21T07:09:21.200000,0.55005014,S,ML13_20220121_021_07.mseed,48,0.4655798816132585
234,ML13,2022-01-21T07:09:20.460000,0.44871706,P,ML13_20220121_021_07.mseed,48,0.3852282256211364
241,ML12,2022-01-21T07:09:20.730000,0.14697056,S,ML12_20220121_021_07.mseed,48,0.0782652325286594
259,ML06,2022-01-21T07:09:21.370000,0.3047237,S,ML06_20220121_021_07.mseed,48,0.0958706327088038
252,ML08,2022-01-21T07:09:21.010000,0.13379298,P,ML08_20220121_021_07.mseed,48,0.0925492970675272
233,ML13,2022-01-21T12:11:48.940000,0.48886704,S,ML13_20220121_021_12.mseed,49,0.4249542900050227
263,ML05,2022-01-21T12:11:48.670000,0.51209503,P,ML05_20220121_021_12.mseed,49,0.5111191363597845
273,ML02,2022-01-21T12:11:49.210000,0.28153536,S,ML02_20220121_021_12.mseed,49,0.2644780724682149
226,ML14,2022-01-21T12:11:48.750000,0.10037086,S,ML14_20220121_021_12.mseed,49,0.092626108888239
267,ML03,2022-01-21T12:11:48.910000,0.22678304,S,ML03_20220121_021_12.mseed,49,0.257182903089492
239,ML12,2022-01-21T12:11:48.790000,0.37453425,S,ML12_20220121_021_12.mseed,49,0.2669253499783062
251,ML08,2022-01-21T12:11:48.360000,0.20673059,P,ML08_20220121_021_12.mseed,49,0.1989909521746329
232,ML13,2022-01-21T12:11:48.710000,0.42395246,P,ML13_20220121_021_12.mseed,49,0.2184776930895625
240,ML12,2022-01-21T12:11:48.630000,0.15093589,P,ML12_20220121_021_12.mseed,49,0.1623268832812261
258,ML06,2022-01-21T12:11:49.300000,0.5455045,S,ML06_20220121_021_12.mseed,49,0.5998512076609503
257,ML06,2022-01-21T12:11:48.430000,0.5979736,P,ML06_20220121_021_12.mseed,49,0.5985879731842794
218,ML15,2022-01-21T12:11:48.440000,0.7090384,P,ML15_20220121_021_12.mseed,49,0.7981319569239087
264,ML05,2022-01-21T12:11:48.910000,0.44938678,S,ML05_20220121_021_12.mseed,49,0.4516221404150451
219,ML15,2022-01-21T12:11:48.700000,0.49316913,S,ML15_20220121_021_12.mseed,49,0.4809555853518645
248,ML08,2022-01-21T13:23:57.990000,0.8024158,S,ML08_20220121_021_13.mseed,50,1.1945986339545056
246,ML10,2022-01-21T13:23:57.900000,0.41939294,S,ML10_20220121_021_13.mseed,50,0.6333966872554679
247,ML08,2022-01-21T13:23:57.120000,0.6957215,P,ML08_20220121_021_13.mseed,50,1.076956336714971
228,ML13,2022-01-21T13:23:57.010000,0.9748579,P,ML13_20220121_021_13.mseed,50,1.5219301510649963
242,ML11,2022-01-21T13:23:56.700000,0.94198084,P,ML11_20220121_021_13.mseed,50,1.4488481666730435
243,ML11,2022-01-21T13:23:57.390000,0.786034,S,ML11_20220121_021_13.mseed,50,1.1274341167375717
236,ML12,2022-01-21T13:23:57.540000,0.7935737,P,ML12_20220121_021_13.mseed,50,1.1487445650573411
253,ML06,2022-01-21T13:23:56.510000,0.9273473,P,ML06_20220121_021_13.mseed,50,1.3903773810500184
229,ML13,2022-01-21T13:23:57.710000,0.864835,S,ML13_20220121_021_13.mseed,50,1.305145021550679
266,ML03,2022-01-21T13:23:57.270000,0.1585528,S,ML03_20220121_021_13.mseed,50,0.0892377927313763
254,ML06,2022-01-21T13:23:57.100000,0.8337205,S,ML06_20220121_021_13.mseed,50,1.1882119368780448
237,ML12,2022-01-21T13:23:58.700000,0.8252584,S,ML12_20220121_021_13.mseed,50,1.0877381366065135
223,ML14,2022-01-21T13:23:57.220000,0.8364786,S,ML14_20220121_021_13.mseed,50,1.2966720022378655
222,ML14,2022-01-21T13:23:56.690000,0.95543253,P,ML14_20220121_021_13.mseed,50,1.481570633082676
261,ML05,2022-01-21T13:23:58.220000,0.29502973,S,ML05_20220121_021_13.mseed,50,0.4443806056637098
260,ML05,2022-01-21T13:23:57.230000,0.3800509,P,ML05_20220121_021_13.mseed,50,0.5929912035054994
216,ML15,2022-01-21T13:23:58.350000,0.7989545,S,ML15_20220121_021_13.mseed,50,1.1368339995017565
215,ML15,2022-01-21T13:23:57.310000,0.6505089,P,ML15_20220121_021_13.mseed,50,0.964352951641089
270,ML02,2022-01-21T13:23:57.460000,0.7304549,S,ML02_20220121_021_13.mseed,50,1.1126966294514402
269,ML02,2022-01-21T13:23:56.830000,0.6174557,P,ML02_20220121_021_13.mseed,50,0.9590796236803492
255,ML06,2022-01-21T13:25:13.390000,0.9496368,P,ML06_20220121_021_13.mseed,51,1.27284180809692
256,ML06,2022-01-21T13:25:13.920000,0.8913744,S,ML06_20220121_021_13.mseed,51,1.1803909300321418
225,ML14,2022-01-21T13:25:14.070000,0.7874494,S,ML14_20220121_021_13.mseed,51,0.9443869430110594
271,ML02,2022-01-21T13:25:13.770000,0.6692646,P,ML02_20220121_021_13.mseed,51,0.9053901992162668
231,ML13,2022-01-21T13:25:14.520000,0.8217097,S,ML13_20220121_021_13.mseed,51,0.8617239602410919
230,ML13,2022-01-21T13:25:13.900000,0.9327914,P,ML13_20220121_021_13.mseed,51,1.2619078683683826
250,ML08,2022-01-21T13:25:14.870000,0.76710737,S,ML08_20220121_021_13.mseed,51,0.9119655614454404
249,ML08,2022-01-21T13:25:14.000000,0.69717073,P,ML08_20220121_021_13.mseed,51,0.8920417269505119
244,ML11,2022-01-21T13:25:13.600000,0.9328917,P,ML11_20220121_021_13.mseed,51,1.2445480235244375
245,ML11,2022-01-21T13:25:14.220000,0.88164526,S,ML11_20220121_021_13.mseed,51,1.0701204321090558
238,ML12,2022-01-21T13:25:15.520000,0.17295758,S,ML12_20220121_021_13.mseed,51,0.2317893628747885
217,ML15,2022-01-21T13:25:14.960000,0.49566594,S,ML15_20220121_021_13.mseed,51,0.4940157016198205
272,ML02,2022-01-21T13:25:14.430000,0.77201957,S,ML02_20220121_021_13.mseed,51,1.027920704128536
262,ML05,2022-01-21T13:25:15.320000,0.1597621,S,ML05_20220121_021_13.mseed,51,0.1799106702895497
224,ML14,2022-01-21T13:25:13.580000,0.809133,P,ML14_20220121_021_13.mseed,51,1.085213151449413
210,ML08,2022-01-22T09:58:27.240000,0.49408233,S,ML08_20220122_022_09.mseed,52,0.5358345357968215
211,ML06,2022-01-22T09:58:26.140000,0.7717625,P,ML06_20220122_022_09.mseed,52,0.6359205289304819
203,ML14,2022-01-22T09:58:26.710000,0.39899036,S,ML14_20220122_022_09.mseed,52,0.3372384481843375
205,ML13,2022-01-22T09:58:26.720000,0.5937673,S,ML13_20220122_022_09.mseed,52,0.6398921779919241
204,ML13,2022-01-22T09:58:26.320000,0.43179893,P,ML13_20220122_022_09.mseed,52,0.4678995631910635
201,ML15,2022-01-22T09:58:27.680000,0.47052252,S,ML15_20220122_022_09.mseed,52,0.3144062244770708
202,ML14,2022-01-22T09:58:26.550000,0.56949604,P,ML14_20220122_022_09.mseed,52,0.3381622244336478
209,ML08,2022-01-22T09:58:26.900000,0.47177303,P,ML08_20220122_022_09.mseed,52,0.3583756260290718
207,ML12,2022-01-22T09:58:27.320000,0.5673944,S,ML12_20220122_022_09.mseed,52,0.4676778812965603
206,ML12,2022-01-22T09:58:27.160000,0.3808196,P,ML12_20220122_022_09.mseed,52,0.2262984269302196
212,ML06,2022-01-22T09:58:26.740000,0.7804838,S,ML06_20220122_022_09.mseed,52,0.8032125637155887
213,ML02,2022-01-22T09:58:25.930000,0.29750812,P,ML02_20220122_022_09.mseed,52,0.2820553253390134
214,ML02,2022-01-22T09:58:26.240000,0.59972477,S,ML02_20220122_022_09.mseed,52,0.6243844027854024
208,ML11,2022-01-22T09:58:26.910000,0.15595461,S,ML11_20220122_022_09.mseed,52,0.1686801961909074
199,ML05,2022-01-24T23:17:55.010000,0.6511329,S,ML05_20220124_024_23.mseed,53,0.2154284560617937
200,ML05,2022-01-24T23:17:54.590000,0.17266545,P,ML05_20220124_024_23.mseed,53,0.5033920537657336
197,ML06,2022-01-24T23:17:53.850000,0.55110264,P,ML06_20220124_024_23.mseed,53,0.4109088950345267
196,ML11,2022-01-24T23:17:54.780000,0.5699035,S,ML11_20220124_024_23.mseed,53,0.4369135241321962
195,ML11,2022-01-24T23:17:54.580000,0.56782705,P,ML11_20220124_024_23.mseed,53,0.2847602562831688
198,ML06,2022-01-24T23:17:54.430000,0.7446203,S,ML06_20220124_024_23.mseed,53,0.5668694393445388
194,ML13,2022-01-24T23:17:54.300000,0.14770333,P,ML13_20220124_024_23.mseed,53,0.1085599779323199
189,ML07,2022-01-25T09:02:22.890000,0.9529792,P,ML07_20220125_025_09.mseed,54,0.330134700154593
186,ML10,2022-01-25T09:02:23.140000,0.26374432,S,ML10_20220125_025_09.mseed,54,0.1518707027961936
188,ML09,2022-01-25T09:02:23.130000,0.70035225,S,ML09_20220125_025_09.mseed,54,0.395402095302547
193,ML03,2022-01-25T09:02:21.890000,0.12650564,P,ML03_20220125_025_09.mseed,54,0.0843707770885764
190,ML05,2022-01-25T09:02:22.540000,0.69914156,P,ML05_20220125_025_09.mseed,54,0.3097185423196353
191,ML05,2022-01-25T09:02:23.210000,0.12790546,S,ML05_20220125_025_09.mseed,54,0.0893337362845549
192,ML03,2022-01-25T09:02:21.920000,0.5401424,S,ML03_20220125_025_09.mseed,54,0.1573358189657213
184,ML12,2022-01-25T09:02:21.960000,0.94263077,P,ML12_20220125_025_09.mseed,54,0.4321763422988287
185,ML10,2022-01-25T09:02:21.450000,0.29114673,P,ML10_20220125_025_09.mseed,54,0.1460193761592941
187,ML09,2022-01-25T09:02:21.470000,0.9260584,P,ML09_20220125_025_09.mseed,54,0.4897399781518047
179,ML08,2022-01-27T09:51:04.780000,0.17726324,P,ML08_20220127_027_09.mseed,55,0.0721610281927297
176,ML13,2022-01-27T09:51:04.760000,0.50779283,P,ML13_20220127_027_09.mseed,55,0.2243835474451561
177,ML13,2022-01-27T09:51:05.140000,0.46509257,S,ML13_20220127_027_09.mseed,55,0.1967613545477187
172,ML15,2022-01-27T09:51:03.860000,0.67850596,P,ML15_20220127_027_09.mseed,55,0.2736204947643751
181,ML07,2022-01-27T09:51:05.750000,0.61831605,S,ML07_20220127_027_09.mseed,55,0.1804402169301498
180,ML07,2022-01-27T09:51:05.250000,0.5918295,P,ML07_20220127_027_09.mseed,55,0.1875778972079766
173,ML15,2022-01-27T09:51:04.230000,0.36034986,S,ML15_20220127_027_09.mseed,55,0.1590591953364214
182,ML05,2022-01-27T10:33:01.200000,0.7840562,P,ML05_20220127_027_10.mseed,56,0.6148307873304141
183,ML03,2022-01-27T10:33:01.790000,0.13580856,P,ML03_20220127_027_10.mseed,56,0.088241888944039
170,ML15,2022-01-27T10:33:00.660000,0.71937174,P,ML15_20220127_027_10.mseed,56,0.4936978352418955
178,ML10,2022-01-27T10:33:01.760000,0.77580684,P,ML10_20220127_027_10.mseed,56,0.455263379100371
171,ML15,2022-01-27T10:33:01.350000,0.4753555,S,ML15_20220127_027_10.mseed,56,0.364958578101143
175,ML13,2022-01-27T10:33:01.800000,0.4291912,S,ML13_20220127_027_10.mseed,56,0.3315939514823761
174,ML13,2022-01-27T10:33:01.040000,0.79605615,P,ML13_20220127_027_10.mseed,56,0.5278526010184565
112,ML13,2022-01-29T09:18:53.490000,0.91240823,P,ML13_20220129_029_09.mseed,57,0.2413439411814952
126,ML10,2022-01-29T09:18:52.030000,0.8512366,S,ML10_20220129_029_09.mseed,57,0.0274932939188791
104,ML14,2022-01-29T09:18:52.790000,0.3957283,S,ML14_20220129_029_09.mseed,57,0.1867961959669916
127,ML10,2022-01-29T09:18:51.750000,0.13182312,P,ML10_20220129_029_09.mseed,57,0.2342198203313808
103,ML14,2022-01-29T09:18:51.670000,0.8517524,P,ML14_20220129_029_09.mseed,57,0.2109797523778716
162,ML05,2022-01-29T09:18:52.900000,0.6840686,P,ML05_20220129_029_09.mseed,57,0.1979366400192812
163,ML05,2022-01-29T09:18:53.500000,0.5322412,S,ML05_20220129_029_09.mseed,57,0.3173374165207198
151,ML06,2022-01-29T09:18:52.850000,0.7177272,P,ML06_20220129_029_09.mseed,57,0.0357809029732981
152,ML06,2022-01-29T09:18:53.860000,0.54474056,S,ML06_20220129_029_09.mseed,57,0.3386165282691046
166,ML03,2022-01-29T09:18:52.230000,0.5235418,S,ML03_20220129_029_09.mseed,57,0.1660574934928687
165,ML03,2022-01-29T09:18:51.490000,0.77280426,P,ML03_20220129_029_09.mseed,57,0.2308238100163267
142,ML07,2022-01-29T10:37:34.430000,0.8233764,P,ML07_20220129_029_10.mseed,58,0.0354049706511805
143,ML07,2022-01-29T10:37:34.900000,0.15584487,S,ML07_20220129_029_10.mseed,58,0.028657844994378
136,ML08,2022-01-29T10:37:34.010000,0.1335334,S,ML08_20220129_029_10.mseed,58,0.1021212504201283
124,ML10,2022-01-29T10:37:34.880000,0.93786526,P,ML10_20220129_029_10.mseed,58,0.0548136901458488
125,ML10,2022-01-29T10:37:35.490000,0.20761284,S,ML10_20220129_029_10.mseed,58,0.3604248869454286
150,ML06,2022-01-29T10:37:33.890000,0.7584437,S,ML06_20220129_029_10.mseed,58,0.4095970908770232
149,ML06,2022-01-29T10:37:33.030000,0.89402175,P,ML06_20220129_029_10.mseed,58,0.0318321041171755
160,ML05,2022-01-29T10:37:35.070000,0.62936497,P,ML05_20220129_029_10.mseed,58,0.061134368209758
101,ML14,2022-01-29T10:37:33.850000,0.6666095,P,ML14_20220129_029_10.mseed,58,0.3281731846469987
102,ML14,2022-01-29T10:37:34.740000,0.19865736,S,ML14_20220129_029_10.mseed,58,0.098873263184147
161,ML05,2022-01-29T10:37:35.790000,0.15053016,S,ML05_20220129_029_10.mseed,58,0.2746609890649082
164,ML03,2022-01-29T10:37:34.410000,0.6098153,P,ML03_20220129_029_10.mseed,58,0.3239440893015387
131,ML09,2022-01-29T12:24:51.990000,0.3915849,S,ML09_20220129_029_12.mseed,59,0.2959572383685844
141,ML07,2022-01-29T12:24:52.520000,0.90838534,P,ML07_20220129_029_12.mseed,59,0.4877581088286947
130,ML09,2022-01-29T12:24:51.390000,0.956239,P,ML09_20220129_029_12.mseed,59,0.5921320612267915
122,ML10,2022-01-29T12:24:51.410000,0.75165373,P,ML10_20220129_029_12.mseed,59,0.3773225541538685
123,ML10,2022-01-29T12:24:52.010000,0.34990686,S,ML10_20220129_029_12.mseed,59,0.2331480717811543
159,ML05,2022-01-29T12:24:52.780000,0.5336612,S,ML05_20220129_029_12.mseed,59,0.3769573708981515
158,ML05,2022-01-29T12:24:52.390000,0.5226321,P,ML05_20220129_029_12.mseed,59,0.2826391703596675
169,ML02,2022-01-29T13:07:40.130000,0.46548712,S,ML02_20220129_029_13.mseed,60,0.2826422400384933
111,ML13,2022-01-29T13:07:39.850000,0.8684802,S,ML13_20220129_029_13.mseed,60,0.8082215333670767
121,ML10,2022-01-29T13:07:40.160000,0.12787908,S,ML10_20220129_029_13.mseed,60,0.1190400386379907
100,ML14,2022-01-29T13:07:39.830000,0.28276992,S,ML14_20220129_029_13.mseed,60,0.2531420145947491
168,ML02,2022-01-29T13:07:39.690000,0.5121472,P,ML02_20220129_029_13.mseed,60,0.4738604689466588
119,ML11,2022-01-29T13:07:39.530000,0.68144834,S,ML11_20220129_029_13.mseed,60,0.6231943084319431
118,ML11,2022-01-29T13:07:39.260000,0.38049334,P,ML11_20220129_029_13.mseed,60,0.3425810906667714
99,ML14,2022-01-29T13:07:39.620000,0.17586593,P,ML14_20220129_029_13.mseed,60,0.1454624418245606
148,ML06,2022-01-29T13:07:40.020000,0.58130455,S,ML06_20220129_029_13.mseed,60,0.538203052190087
134,ML08,2022-01-29T13:07:39.230000,0.6302177,P,ML08_20220129_029_13.mseed,60,0.5754595701070906
140,ML07,2022-01-29T13:07:40.380000,0.75610614,P,ML07_20220129_029_13.mseed,60,0.0388662161248098
95,ML15,2022-01-29T13:07:39.180000,0.9336658,S,ML15_20220129_029_13.mseed,60,0.3478412316198805
135,ML08,2022-01-29T13:07:39.570000,0.6853298,S,ML08_20220129_029_13.mseed,60,0.606638123476225
110,ML13,2022-01-29T13:07:39.160000,0.71831334,P,ML13_20220129_029_13.mseed,60,0.5680953130426711
157,ML05,2022-01-29T13:07:40.170000,0.38370234,S,ML05_20220129_029_13.mseed,60,0.3252431395681145
108,ML13,2022-01-29T14:59:13.210000,0.9257133,P,ML13_20220129_029_14.mseed,61,0.3988335928872535
117,ML11,2022-01-29T14:59:14.350000,0.19670577,S,ML11_20220129_029_14.mseed,61,0.4748342238032925
155,ML05,2022-01-29T14:59:13.440000,0.92674255,P,ML05_20220129_029_14.mseed,61,0.0928155120215276
138,ML07,2022-01-29T14:59:14.010000,0.15477377,S,ML07_20220129_029_14.mseed,61,0.0457728302587134
109,ML13,2022-01-29T14:59:14.330000,0.16688702,S,ML13_20220129_029_14.mseed,61,0.0519303715735564
156,ML05,2022-01-29T14:59:14.630000,0.67529386,S,ML05_20220129_029_14.mseed,61,0.0881455349731806
116,ML11,2022-01-29T14:59:14.020000,0.77075166,P,ML11_20220129_029_14.mseed,61,0.1033725501578266
139,ML07,2022-01-29T14:59:13.960000,0.18718472,P,ML07_20220129_029_14.mseed,61,0.2070977065205734
120,ML10,2022-01-29T14:59:14.840000,0.31789225,P,ML10_20220129_029_14.mseed,61,0.1290704879610354
98,ML14,2022-01-29T15:31:59.260000,0.5803802,P,ML14_20220129_029_15.mseed,62,0.1094989213989562
137,ML07,2022-01-29T15:32:00.210000,0.4665236,S,ML07_20220129_029_15.mseed,62,0.709936417011374
154,ML05,2022-01-29T15:32:00.750000,0.13608174,S,ML05_20220129_029_15.mseed,62,0.1826366980618692
128,ML09,2022-01-29T15:32:00.740000,0.18460466,S,ML09_20220129_029_15.mseed,62,0.1413541921416797
129,ML09,2022-01-29T15:32:00.190000,0.97862387,P,ML09_20220129_029_15.mseed,62,0.1260776184556553
107,ML13,2022-01-29T15:32:00.340000,0.10987708,S,ML13_20220129_029_15.mseed,62,0.0779397994855589
146,ML06,2022-01-29T15:32:00.330000,0.8615691,P,ML06_20220129_029_15.mseed,62,0.017848828138179
147,ML06,2022-01-29T15:32:00.780000,0.69235677,S,ML06_20220129_029_15.mseed,62,0.1631272979490221
115,ML11,2022-01-29T15:32:01.090000,0.58584976,S,ML11_20220129_029_15.mseed,62,0.4157403949176949
167,ML02,2022-01-29T20:59:28.860000,0.21024716,S,ML02_20220129_029_20.mseed,63,0.1330276447073071
153,ML05,2022-01-29T20:59:28.770000,0.13102958,S,ML05_20220129_029_20.mseed,63,0.1508269116801792
132,ML08,2022-01-29T20:59:27.750000,0.40617585,P,ML08_20220129_029_20.mseed,63,0.1618461173341452
133,ML08,2022-01-29T20:59:28.520000,0.6647784,S,ML08_20220129_029_20.mseed,63,0.7802463541240716
145,ML06,2022-01-29T20:59:29.310000,0.20718113,S,ML06_20220129_029_20.mseed,63,0.2023148731567994
144,ML06,2022-01-29T20:59:27.620000,0.43088603,P,ML06_20220129_029_20.mseed,63,0.5062390653788256
94,ML15,2022-01-29T20:59:28.240000,0.94318295,S,ML15_20220129_029_20.mseed,63,1.023463138717009
113,ML11,2022-01-29T20:59:27.330000,0.8831084,P,ML11_20220129_029_20.mseed,63,0.9588104583877032
97,ML14,2022-01-29T20:59:29.000000,0.71358883,S,ML14_20220129_029_20.mseed,63,0.8304452816237128
114,ML11,2022-01-29T20:59:28.830000,0.494093,S,ML11_20220129_029_20.mseed,63,0.5763985577473013
105,ML13,2022-01-29T20:59:27.370000,0.9809127,P,ML13_20220129_029_20.mseed,63,1.1529287232434848
96,ML14,2022-01-29T20:59:27.490000,0.4465201,P,ML14_20220129_029_20.mseed,63,0.5170111671267814
106,ML13,2022-01-29T20:59:28.720000,0.95858026,S,ML13_20220129_029_20.mseed,63,1.1115380020065526
93,ML15,2022-01-29T20:59:27.030000,0.9717556,P,ML15_20220129_029_20.mseed,63,0.9488727487434306
51,ML10,2022-01-30T11:54:15.400000,0.12732552,P,ML10_20220130_030_11.mseed,64,0.0409526165824526
84,ML05,2022-01-30T11:54:13.930000,0.6714879,S,ML05_20220130_030_11.mseed,64,0.1605943772986849
70,ML07,2022-01-30T11:54:15.140000,0.6561565,S,ML07_20220130_030_11.mseed,64,0.3432129550357481
69,ML07,2022-01-30T11:54:14.510000,0.89832175,P,ML07_20220130_030_11.mseed,64,0.4991836492276849
35,ML13,2022-01-30T11:54:15.340000,0.8609558,P,ML13_20220130_030_11.mseed,64,0.3142829340767475
36,ML13,2022-01-30T11:54:15.630000,0.29921582,S,ML13_20220130_030_11.mseed,64,0.118630197716615
61,ML08,2022-01-30T11:54:14.890000,0.3013114,S,ML08_20220130_030_11.mseed,64,0.1286520228110179
60,ML08,2022-01-30T11:54:14.310000,0.9486752,P,ML08_20220130_030_11.mseed,64,0.3352173112140416
28,ML13,2022-01-30T12:12:00.880000,0.3966981,S,ML13_20220130_030_12.mseed,65,0.3465029500256799
65,ML07,2022-01-30T12:11:59.990000,0.95757455,P,ML07_20220130_030_12.mseed,65,0.7659368439818958
54,ML08,2022-01-30T12:11:59.340000,0.32452488,P,ML08_20220130_030_12.mseed,65,0.2012532269817467
27,ML13,2022-01-30T12:12:00.210000,0.9527906,P,ML13_20220130_030_12.mseed,65,0.7148859300581818
13,ML15,2022-01-30T12:11:59.200000,0.8753704,P,ML15_20220130_030_12.mseed,65,0.740129697372582
66,ML07,2022-01-30T12:12:00.610000,0.5725632,S,ML07_20220130_030_12.mseed,65,0.5002872633508848
46,ML10,2022-01-30T12:12:00.220000,0.14633472,P,ML10_20220130_030_12.mseed,65,0.1270493675218509
30,ML13,2022-01-30T12:43:57.630000,0.15360531,S,ML13_20220130_030_12.mseed,66,0.094087805277059
55,ML08,2022-01-30T12:43:56.520000,0.68452847,P,ML08_20220130_030_12.mseed,66,0.3277042390924597
67,ML07,2022-01-30T12:43:57.510000,0.32572377,P,ML07_20220130_030_12.mseed,66,0.2527626117709901
15,ML15,2022-01-30T12:43:56.750000,0.105745494,S,ML15_20220130_030_12.mseed,66,0.0721889623074766
14,ML15,2022-01-30T12:43:56.600000,0.6093796,P,ML15_20220130_030_12.mseed,66,0.4189368936649624
56,ML08,2022-01-30T12:43:57.590000,0.40189403,S,ML08_20220130_030_12.mseed,66,0.3512026702702752
38,ML11,2022-01-30T12:43:57.920000,0.8861418,P,ML11_20220130_030_12.mseed,66,0.3253609122723209
79,ML05,2022-01-30T12:43:58.190000,0.2631843,S,ML05_20220130_030_12.mseed,66,0.4613862554815703
47,ML10,2022-01-30T12:43:57.630000,0.5423378,P,ML10_20220130_030_12.mseed,66,0.0061084726060085
29,ML13,2022-01-30T12:43:57.070000,0.52058774,P,ML13_20220130_030_12.mseed,66,0.3451268324899587
78,ML05,2022-01-30T12:43:57.390000,0.680197,P,ML05_20220130_030_12.mseed,66,0.1265574440296775
48,ML10,2022-01-30T12:54:17.110000,0.7447892,P,ML10_20220130_030_12.mseed,67,0.4900418171988635
57,ML08,2022-01-30T12:54:17.730000,0.797715,P,ML08_20220130_030_12.mseed,67,0.6230315235988262
31,ML13,2022-01-30T12:54:17.170000,0.63611907,P,ML13_20220130_030_12.mseed,67,0.3692960981570216
81,ML05,2022-01-30T12:54:17.280000,0.42216706,S,ML05_20220130_030_12.mseed,67,0.3259510859857928
80,ML05,2022-01-30T12:54:16.640000,0.9439717,P,ML05_20220130_030_12.mseed,67,0.259031258355722
68,ML07,2022-01-30T12:54:18.450000,0.6587309,P,ML07_20220130_030_12.mseed,67,0.1355085615742101
39,ML11,2022-01-30T12:54:18.510000,0.8637179,P,ML11_20220130_030_12.mseed,67,0.3521147667258157
40,ML11,2022-01-30T12:54:18.800000,0.26772663,S,ML11_20220130_030_12.mseed,67,0.1941552270114197
85,ML03,2022-01-30T12:54:17.850000,0.12700464,P,ML03_20220130_030_12.mseed,67,0.1924413905599917
32,ML13,2022-01-30T12:54:17.650000,0.14060281,S,ML13_20220130_030_12.mseed,67,0.1059569472989008
89,ML02,2022-01-30T12:54:18.360000,0.23958099,S,ML02_20220130_030_12.mseed,67,0.5991361173114431
88,ML02,2022-01-30T12:54:18.030000,0.7862411,P,ML02_20220130_030_12.mseed,67,0.0837702154922375
16,ML15,2022-01-30T12:54:18.610000,0.6262255,P,ML15_20220130_030_12.mseed,67,0.3476625138150941
21,ML14,2022-01-30T12:57:44.190000,0.1305357,S,ML14_20220130_030_12.mseed,68,0.0757969756124669
17,ML15,2022-01-30T12:57:43.020000,0.6739651,P,ML15_20220130_030_12.mseed,68,0.5286044138323148
18,ML15,2022-01-30T12:57:43.470000,0.12117438,S,ML15_20220130_030_12.mseed,68,0.1154088451787922
86,ML03,2022-01-30T12:57:42.440000,0.7231531,P,ML03_20220130_030_12.mseed,68,0.1557459815996213
33,ML13,2022-01-30T12:57:42.330000,0.7832248,P,ML13_20220130_030_12.mseed,68,0.6449022551561024
92,ML01,2022-01-30T12:57:42.690000,0.12209532,S,ML01_20220130_030_12.mseed,68,0.6815858070769375
90,ML02,2022-01-30T12:57:43.210000,0.8948746,P,ML02_20220130_030_12.mseed,68,0.1536012192724734
34,ML13,2022-01-30T12:57:42.860000,0.40846795,S,ML13_20220130_030_12.mseed,68,0.3436431163892705
91,ML01,2022-01-30T12:57:42.310000,0.74281144,P,ML01_20220130_030_12.mseed,68,0.7886839670554796
58,ML08,2022-01-30T12:57:42.140000,0.95954615,P,ML08_20220130_030_12.mseed,68,0.4145300725917842
87,ML03,2022-01-30T12:57:43.140000,0.17836846,S,ML03_20220130_030_12.mseed,68,0.5618137648586446
20,ML14,2022-01-30T12:57:43.780000,0.8125488,P,ML14_20220130_030_12.mseed,68,0.0738482067314676
41,ML11,2022-01-30T12:57:43.310000,0.83924496,P,ML11_20220130_030_12.mseed,68,0.5269680554195202
59,ML08,2022-01-30T12:57:42.980000,0.1718384,S,ML08_20220130_030_12.mseed,68,0.1423189119968182
83,ML05,2022-01-30T12:57:42.630000,0.16296005,S,ML05_20220130_030_12.mseed,68,0.703600418651166
82,ML05,2022-01-30T12:57:42.060000,0.9269298,P,ML05_20220130_030_12.mseed,68,0.0107927436790814
50,ML10,2022-01-30T12:57:42.780000,0.39156115,S,ML10_20220130_030_12.mseed,68,0.3016165558182803
42,ML11,2022-01-30T12:57:44.030000,0.36062968,S,ML11_20220130_030_12.mseed,68,0.3018512138684326
49,ML10,2022-01-30T12:57:42.170000,0.9368161,P,ML10_20220130_030_12.mseed,68,0.5731878838903864
43,ML10,2022-01-30T13:02:01.320000,0.7391944,P,ML10_20220130_030_13.mseed,69,0.4734659045784662
64,ML07,2022-01-30T13:02:00.480000,0.87483615,P,ML07_20220130_030_13.mseed,69,0.681037865333448
75,ML05,2022-01-30T13:02:01.280000,0.11212168,S,ML05_20220130_030_13.mseed,69,0.091934927473942
24,ML13,2022-01-30T13:02:00.920000,0.6663053,P,ML13_20220130_030_13.mseed,69,0.5446372951816839
37,ML11,2022-01-30T13:02:01.340000,0.9693843,P,ML11_20220130_030_13.mseed,69,0.7918448185510804
74,ML05,2022-01-30T13:02:00.760000,0.88828754,P,ML05_20220130_030_13.mseed,69,0.6877520292312801
77,ML05,2022-01-30T13:06:04.950000,0.17033875,S,ML05_20220130_030_13.mseed,70,0.1443205509809583
26,ML13,2022-01-30T13:06:05.730000,0.102859795,S,ML13_20220130_030_13.mseed,70,0.0883540706861732
76,ML05,2022-01-30T13:06:04.650000,0.83014095,P,ML05_20220130_030_13.mseed,70,0.5508500968564375
45,ML10,2022-01-30T13:06:05.640000,0.12682723,S,ML10_20220130_030_13.mseed,70,0.1062341913076527
12,ML15,2022-01-30T13:06:06.160000,0.19137311,S,ML15_20220130_030_13.mseed,70,0.1237404264220152
44,ML10,2022-01-30T13:06:05.010000,0.56316924,P,ML10_20220130_030_13.mseed,70,0.4726486018410953
25,ML13,2022-01-30T13:06:05.330000,0.89265585,P,ML13_20220130_030_13.mseed,70,0.7892731418955327
11,ML15,2022-01-30T13:06:05.890000,0.71905875,P,ML15_20220130_030_13.mseed,70,0.5965792035141183
53,ML08,2022-01-30T13:06:05.790000,0.8713335,P,ML08_20220130_030_13.mseed,70,0.4985534235597721
63,ML07,2022-01-30T14:36:32.220000,0.7623937,S,ML07_20220130_030_14.mseed,71,0.4214004268090413
62,ML07,2022-01-30T14:36:31.570000,0.89061034,P,ML07_20220130_030_14.mseed,71,0.293700784846079
72,ML05,2022-01-30T14:36:31.930000,0.6139279,S,ML05_20220130_030_14.mseed,71,0.3471688102575348
52,ML09,2022-01-30T14:36:32.660000,0.514947,P,ML09_20220130_030_14.mseed,71,0.0248745119667918
71,ML06,2022-01-30T14:36:33.320000,0.70463824,P,ML06_20220130_030_14.mseed,71,0.4747744098741425
23,ML13,2022-01-30T14:36:32.350000,0.32573488,P,ML13_20220130_030_14.mseed,71,0.1957994609545771
22,ML13,2022-01-30T14:36:32.530000,0.48602355,S,ML13_20220130_030_14.mseed,71,0.30276759199423
19,ML14,2022-01-30T14:36:31.890000,0.14949483,P,ML14_20220130_030_14.mseed,71,0.0399206512425018
73,ML05,2022-01-30T14:36:31.730000,0.13636123,P,ML05_20220130_030_14.mseed,71,0.3241682136771326
8,ML05,2022-01-31T14:27:36.740000,0.7039504,S,ML05_20220131_031_14.mseed,72,0.4299514582315302
2,ML13,2022-01-31T14:27:36.540000,0.40023375,P,ML13_20220131_031_14.mseed,72,0.3821765800494194
1,ML14,2022-01-31T14:27:36.090000,0.557849,S,ML14_20220131_031_14.mseed,72,0.5422766322152861
3,ML13,2022-01-31T14:27:36.770000,0.3267488,S,ML13_20220131_031_14.mseed,72,0.3329206704370862
5,ML08,2022-01-31T14:27:37.260000,0.14758775,S,ML08_20220131_031_14.mseed,72,0.1464663428390883
0,ML14,2022-01-31T14:27:35.780000,0.35954195,P,ML14_20220131_031_14.mseed,72,0.2320005459110012
4,ML08,2022-01-31T14:27:37.030000,0.21003792,P,ML08_20220131_031_14.mseed,72,0.1199877996243445
9,ML02,2022-01-31T14:27:36.160000,0.7541257,P,ML02_20220131_031_14.mseed,72,0.7480696762480032
10,ML02,2022-01-31T14:27:36.570000,0.6941167,S,ML02_20220131_031_14.mseed,72,0.6673202120989429
6,ML06,2022-01-31T14:27:36.540000,0.2547936,P,ML06_20220131_031_14.mseed,72,0.2458354864347337
7,ML06,2022-01-31T14:27:36.760000,0.33574516,S,ML06_20220131_031_14.mseed,72,0.3440464297513672
