time,magnitude,longitude,latitude,depth_km,utmx,utmy
9/12/2019 18:40,,101.115871,-1.612807,1.178,735404.6068,9821613.517
18/12/2019 20:49,,101.15541,-1.6096,4.50773,739806.0245,9821963.623
19/12/2019 15:20,,101.13194,-1.62796,0.63825,737191.4514,9819935.609
23/12/2019 16:58,,101.150484,-1.638751,0.758,739254.278,9818739.832
25/12/2019 13:24,,101.155435,-1.640478,0.353,739805.1618,9818548.217
25/12/2019 13:26,,101.149174,-1.641393,0.711,739108.15,9818447.759
25/12/2019 13:26,,101.14822,-1.641954,0.707,739001.8952,9818385.821
25/12/2019 13:27,,101.148897,-1.641594,0.692,739077.2937,9818425.56
25/12/2019 13:28,,101.149039,-1.640846,0.687,739093.1884,9818508.278
25/12/2019 13:29,,101.147639,-1.644063,1.393,738936.9743,9818152.616
25/12/2019 13:29,,101.14955,-1.643876,0.751,739149.7064,9818173.071
25/12/2019 13:33,,101.142813,-1.645623,0.493,738399.6172,9817980.644
25/12/2019 19:55,,101.14008,-1.63778,0.17847,738096.3426,9818848.473
25/12/2019 19:56,,101.155849,-1.641661,-0.316,739851.1026,9818417.316
25/12/2019 19:59,,101.154481,-1.641104,0.281,739698.8986,9818479.089
26/12/2019 23:01,,101.144979,-1.643343,0.929,738640.9808,9818232.573
26/12/2019 23:01,,101.147742,-1.641784,0.703,738948.7101,9818404.682
27/12/2019 14:29,,101.154134,-1.642166,0.841,739660.1479,9818361.664
28/12/2019 2:27,,101.15012,-1.638373,0.407,739213.8066,9818781.686
28/12/2019 14:05,,101.146795,-1.63552,0.615,738844.044,9819097.65
28/12/2019 17:01,,101.151035,-1.642283,0.453,739315.1889,9818349.094
28/12/2019 19:38,,101.147897,-1.641539,0.867,738965.992,9818431.763
29/12/2019 0:31,,101.149371,-1.645085,0.805,739129.6382,9818039.366
29/12/2019 0:31,,101.150481,-1.642294,0.525,739253.5228,9818347.944
29/12/2019 0:35,,101.148834,-1.643546,0.578,739070.0491,9818209.658
29/12/2019 0:37,,101.151313,-1.645697,0.472,739345.7257,9817971.44
29/12/2019 0:37,,101.151219,-1.645248,0.403,739335.3163,9818021.115
29/12/2019 0:40,,101.150404,-1.645397,0.498,739244.5823,9818004.732
29/12/2019 0:42,,101.153333,-1.646524,0.217,739570.4697,9817879.724
29/12/2019 0:42,,101.150901,-1.641652,0.118,739300.3487,9818418.904
29/12/2019 18:35,,101.18916,-1.56499,2.38397,743568.0212,9826894.023
31/12/2019 12:56,,101.156098,-1.641476,-0.673,739878.8406,9818437.749
31/12/2019 12:56,,101.152261,-1.644923,0.364,739451.3383,9818056.938
31/12/2019 12:57,,101.14985,-1.642908,0.72,739183.2142,9818280.105
31/12/2019 14:44,,101.152391,-1.644636,0.037,739465.8426,9818088.667
31/12/2019 14:47,,101.152341,-1.645112,0.344,739460.2204,9818036.023
1/1/2020 9:22,,101.152285,-1.64222,-0.536,739454.332,9818355.912
1/1/2020 10:03,,101.154054,-1.641976,0.564,739651.2659,9818382.689
1/1/2020 10:03,,101.154837,-1.639474,0.573,739738.7187,9818659.34
1/1/2020 10:15,,101.150248,-1.639951,0.811,739227.8666,9818607.129
1/1/2020 10:56,,101.143816,-1.645025,0.61,738511.3299,9818046.668
1/1/2020 10:56,,101.149044,-1.645089,0.813,739093.24,9818038.963
1/1/2020 11:00,,101.149452,-1.644148,0.59,739138.7658,9818142.997
1/1/2020 11:06,,101.154285,-1.642017,-0.539,739676.9733,9818378.126
13/1/2020 15:24,,101.152222,-1.642905,0.603,739447.2379,9818280.153
13/1/2020 15:25,,101.160446,-1.638741,-0.379,740363.1386,9818739.744
14/1/2020 8:59,,101.154511,-1.641448,0.375,739702.1969,9818441.036
14/1/2020 16:51,,101.14952,-1.64401,-0.13006,739146.3512,9818158.253
20/1/2020 11:17,,101.145778,-1.642666,0.54,738729.9962,9818307.36
20/1/2020 11:17,,101.154527,-1.641382,0.155,739703.9857,9818448.334
20/1/2020 11:24,,101.150204,-1.645953,0.207,739222.2544,9817943.258
20/1/2020 13:10,,101.149364,-1.645485,0.601,739128.8114,9817995.123
20/1/2020 13:11,,101.148184,-1.644962,0.431,738997.5302,9818053.114
20/1/2020 14:03,,101.159138,-1.641276,-0.336,740217.2436,9818459.505
21/1/2020 5:37,,101.15037,-1.644259,0.487,739240.9335,9818130.61
21/1/2020 5:50,,101.148504,-1.646093,0.444,739033.014,9817927.976
21/1/2020 5:57,,101.152053,-1.644296,0.272,739428.261,9818126.315
21/1/2020 5:58,,101.145769,-1.646529,0.395,738728.535,9817880.079
22/1/2020 13:23,,101.158778,-1.63898,0.059,740177.4463,9818713.509
22/1/2020 13:33,,101.158686,-1.638723,0.063,740167.2365,9818741.947
22/1/2020 13:49,,101.153188,-1.640587,0.477,739555.0381,9818536.429
22/1/2020 13:54,,101.151835,-1.641583,0.494,739404.319,9818426.425
22/1/2020 15:02,,101.167869,-1.652795,-0.602,741187.6994,9817184.331
22/1/2020 15:02,,101.170426,-1.652955,0.249,741472.2975,9817166.322
22/1/2020 15:03,,101.144489,-1.649018,0.508,738585.7647,9817604.927
22/1/2020 15:04,,101.150164,-1.642887,0.685,739218.1675,9818282.39
22/1/2020 15:16,,101.15003,-1.645593,0.435,739202.9297,9817983.098
22/1/2020 15:18,,101.150106,-1.642,0.47,739211.8171,9818380.508
22/1/2020 16:32,,101.148953,-1.646061,0.491,739082.9951,9817931.462
22/1/2020 16:40,,101.141102,-1.645633,0.384,738209.1688,9817979.743
22/1/2020 16:41,,101.145918,-1.645967,0.386,738745.1868,9817942.223
22/1/2020 17:04,,101.145358,-1.644864,0.358,738682.9856,9818064.292
22/1/2020 17:08,,101.141336,-1.644334,0.443,738235.369,9818123.395
22/1/2020 17:47,,101.135807,-1.645755,-0.463,737619.7823,9817966.88
22/1/2020 17:48,,101.1453,-1.644913,0.495,738676.5239,9818058.879
22/1/2020 17:48,,101.150979,-1.644136,0.637,739308.7349,9818144.142
23/1/2020 9:24,,101.147715,-1.639213,0.5,738946.0101,9818689.061
23/1/2020 10:22,,101.151901,-1.643621,0.331,739411.4226,9818200.995
23/1/2020 10:25,,101.138358,-1.645972,-0.118,737903.7012,9817942.574
23/1/2020 13:58,,101.150307,-1.641961,0.539,739234.1948,9818384.797
23/1/2020 14:04,,101.150578,-1.641351,0.851,739264.4319,9818452.236
23/1/2020 16:07,,101.146463,-1.644981,0.571,738805.9669,9818051.218
23/1/2020 20:43,,101.151638,-1.641891,0.624,739382.3546,9818392.381
23/1/2020 21:21,,101.149089,-1.643991,0.819,739098.3797,9818160.407
23/1/2020 21:32,,101.150498,-1.643992,0.558,739255.2128,9818160.127
23/1/2020 21:33,,101.147877,-1.64363,0.535,738963.5172,9818200.482
23/1/2020 21:33,,101.149254,-1.64251,0.508,739116.9218,9818324.199
23/1/2020 22:30,,101.153593,-1.63697,0.448,739600.5484,9818936.455
24/1/2020 15:26,,101.147389,-1.6437,0.6,738909.1905,9818192.797
24/1/2020 17:33,,101.153331,-1.63939,0.632,739571.0977,9818668.812
24/1/2020 17:59,,101.146401,-1.643509,0.476,738799.2409,9818214.042
24/1/2020 18:33,,101.148575,-1.637964,0.48,739041.8835,9818827.109
24/1/2020 18:57,,101.149815,-1.641653,0.735,739179.4677,9818418.924
24/1/2020 19:01,,101.15578,-1.634362,0.366,739844.291,9819224.664
25/1/2020 3:38,,101.149265,-1.640496,0.434,739118.3857,9818546.964
25/1/2020 3:40,,101.157551,-1.63561,0.27,740041.2713,9819086.411
25/1/2020 4:33,,101.145475,-1.645177,0.136,738695.9714,9818029.657
25/1/2020 16:38,,101.147865,-1.642213,0.398,738962.35,9818357.216
25/1/2020 16:42,,101.146617,-1.642053,0.331,738823.4565,9818375.063
25/1/2020 18:48,,101.148893,-1.641551,0.475,739076.8536,9818430.316
25/1/2020 21:15,,101.148763,-1.640058,0.515,739062.5609,9818595.471
26/1/2020 2:33,,101.155018,-1.63843,0.411,739758.9899,9818774.795
26/1/2020 6:45,,101.155711,-1.637836,0.403,739836.1977,9818840.414
26/1/2020 6:48,,101.153993,-1.639651,0.357,739644.753,9818639.863
26/1/2020 6:52,,101.152737,-1.63502,0.459,739505.4995,9819152.246
26/1/2020 7:02,,101.147,-1.641868,0.408,738866.1095,9818395.48
26/1/2020 13:35,,101.147855,-1.645591,0.627,738960.8349,9817983.58
26/1/2020 13:40,,101.150381,-1.641911,0.541,739242.4375,9818390.319
26/1/2020 16:39,,101.154078,-1.638437,0.437,739654.3588,9818774.133
26/1/2020 16:51,,101.149636,-1.641519,0.688,739159.5595,9818433.767
27/1/2020 2:54,,101.159999,-1.633412,-0.368,740314.0181,9819329.238
27/1/2020 3:00,,101.161464,-1.633662,-0.47,740477.0569,9819301.411
27/1/2020 13:04,,101.154095,-1.640699,0.308,739655.9817,9818523.932
27/1/2020 13:30,,101.139553,-1.643754,0.384,738036.9765,9818187.761
27/1/2020 13:32,,101.157013,-1.639974,0.342,739980.8673,9818603.775
27/1/2020 13:56,,101.149322,-1.645539,0.4,739124.13,9817989.156
27/1/2020 13:57,,101.14548,-1.645668,-0.183,738696.4695,9817975.348
27/1/2020 14:03,,101.150671,-1.643417,0.78,739274.5376,9818223.707
27/1/2020 18:05,,101.155566,-1.640844,0.365,739819.6996,9818507.718
28/1/2020 3:21,,101.139843,-1.645784,0.146,738069.0149,9817963.191
28/1/2020 4:20,,101.146479,-1.644234,0.4,738807.8367,9818133.841
28/1/2020 4:30,,101.158994,-1.640714,0.182,740201.2822,9818521.685
28/1/2020 4:46,,101.149959,-1.640529,0.569,739195.6298,9818543.231
28/1/2020 4:52,,101.144289,-1.646032,0.679,738563.8587,9817935.229
28/1/2020 17:23,,101.15422,-1.639791,0.536,739670.0035,9818624.351
29/1/2020 13:32,,101.150172,-1.645022,0.477,739218.8036,9818046.239
29/1/2020 13:33,,101.148995,-1.646957,0.234,739087.5632,9817832.351
29/1/2020 14:02,,101.149267,-1.641862,0.617,739118.4459,9818395.872
30/1/2020 2:55,,101.159639,-1.637056,-0.331,740273.5129,9818926.219
31/1/2020 2:18,,101.149174,-1.644162,0.597,739107.8205,9818141.482
31/1/2020 3:43,,101.151492,-1.640466,0.72,739366.2731,9818550.016
31/1/2020 21:09,,101.147599,-1.644433,0.558,738932.478,9818111.696
31/1/2020 21:09,,101.14831,-1.645291,0.754,739011.5158,9818016.708
31/1/2020 21:11,,101.152556,-1.641744,0.504,739484.5533,9818408.53
31/1/2020 21:13,,101.153895,-1.640533,0.34,739633.7398,9818542.318
31/1/2020 21:13,,101.152052,-1.643114,0.636,739428.2906,9818257.056
1/2/2020 3:21,,101.15332,-1.645087,0.059,739569.1943,9818038.671
1/2/2020 14:50,,101.151151,-1.643524,0.716,739327.9529,9818211.814
1/2/2020 16:15,,101.153919,-1.635635,0.746,739636.9937,9819084.08
2/2/2020 1:44,,101.154088,-1.6405,0.419,739655.2263,9818545.945
2/2/2020 12:44,,101.159499,-1.635234,0.218,740258.1466,9819127.767
2/2/2020 18:16,,101.15352,-1.642087,0.189,739591.8139,9818370.475
3/2/2020 9:08,,101.159102,-1.641475,-0.319,740213.2127,9818437.498
3/2/2020 9:17,,101.157506,-1.638732,0.298,740035.8907,9818741.093
3/2/2020 9:31,,101.16067,-1.636657,0.423,740388.3204,9818970.229
3/2/2020 11:29,,101.151508,-1.642016,0.651,739367.8696,9818378.57
3/2/2020 11:47,,101.157246,-1.63824,0.672,740007.009,9818795.544
3/2/2020 11:55,,101.14562,-1.65421,-0.13625,738711.0334,9817030.509
3/2/2020 12:14,,101.142714,-1.64641,0.25,738388.5042,9817893.607
3/2/2020 12:21,,101.140813,-1.641775,0.678,738177.4586,9818406.505
3/2/2020 12:46,,101.13963,-1.64363,0.19617,738045.5619,9818201.467
3/2/2020 12:55,,101.145731,-1.643563,0.516,738724.6582,9818208.149
3/2/2020 12:57,,101.147053,-1.643915,0.471,738871.7654,9818169.057
3/2/2020 13:02,,101.14682,-1.644635,0.681,738845.745,9818089.446
3/2/2020 13:04,,101.146169,-1.643911,0.582,738773.3697,9818169.605
3/2/2020 13:13,,101.145797,-1.645069,0.348,738731.8254,9818041.564
3/2/2020 13:33,,101.15591,-1.644876,0.317,739857.5085,9818061.698
3/2/2020 14:03,,101.143131,-1.647963,0.542,738434.7347,9817721.782
3/2/2020 14:04,,101.14385,-1.647337,0.43,738514.8394,9817790.937
3/2/2020 14:13,,101.146965,-1.643926,0.609,738861.969,9818167.851
3/2/2020 14:19,,101.145098,-1.642481,0.538,738654.3288,9818327.904
4/2/2020 9:09,,101.148726,-1.645535,0.567,739057.7909,9817989.67
4/2/2020 9:25,,101.157596,-1.640119,0.606,740045.7432,9818587.666
4/2/2020 12:47,,101.15562,-1.640925,0.303,739825.7007,9818498.752
5/2/2020 0:35,,101.151127,-1.641167,0.703,739325.5621,9818472.523
5/2/2020 0:43,,101.15085,-1.640112,0.488,739294.8552,9818589.249
5/2/2020 0:43,,101.153437,-1.629612,0.597,739584.0565,9819750.338
5/2/2020 0:45,,101.14464,-1.644897,0.423,738603.0627,9818060.728
5/2/2020 0:51,,101.15157,-1.640462,0.681,739374.9557,9818550.449
5/2/2020 0:53,,101.148796,-1.645257,0.362,739065.6156,9818020.41
5/2/2020 0:57,,101.141696,-1.645882,0.44,738275.2559,9817952.13
5/2/2020 1:00,,101.146865,-1.645551,0.807,738850.6448,9817988.123
5/2/2020 1:53,,101.156182,-1.641461,0.49,739888.1923,9818439.398
5/2/2020 8:31,,101.147215,-1.639874,0.864,738890.2775,9818616.008
5/2/2020 8:31,,101.150135,-1.641495,0.712,739215.1052,9818436.362
5/2/2020 8:37,,101.150158,-1.641363,0.737,739217.681,9818450.959
5/2/2020 8:41,,101.147339,-1.639797,0.6,738904.0889,9818624.51
5/2/2020 19:35,,101.144684,-1.645313,0.424,738607.9108,9818014.709
5/2/2020 20:11,,101.15118,-1.644909,-0.452,739331.0157,9818058.617
6/2/2020 16:52,,101.152838,-1.640806,0.713,739516.054,9818512.248
6/2/2020 16:53,,101.150756,-1.642729,1.14,739284.0808,9818299.796
6/2/2020 16:53,,101.145361,-1.6422,0.463,738683.6361,9818358.953
6/2/2020 17:00,,101.150159,-1.641048,0.866,739217.8297,9818485.801
6/2/2020 17:00,,101.147208,-1.644911,0.458,738888.8997,9818058.872
6/2/2020 17:01,,101.151571,-1.639326,1.263,739375.2021,9818676.101
6/2/2020 18:01,,101.146262,-1.642653,-0.395,738783.8708,9818308.74
6/2/2020 20:47,,101.151839,-1.640987,0.872,739404.8352,9818492.347
7/2/2020 12:05,,101.154231,-1.633886,0.975,739671.9297,9819277.499
7/2/2020 12:07,,101.152733,-1.63723,0.817,739504.7919,9818907.8
7/2/2020 15:31,,101.145241,-1.644046,0.701,738670.0599,9818154.784
7/2/2020 20:26,,101.147036,-1.637448,0.722,738870.641,9818884.367
8/2/2020 16:53,,101.146654,-1.648735,0.48,738826.7794,9817635.969
12/2/2020 13:06,,101.15092,-1.641224,1.181,739302.5145,9818466.243
12/2/2020 13:16,,101.147623,-1.640151,0.605,738935.6584,9818585.321
12/2/2020 13:26,,101.145988,-1.64468,0.897,738753.1315,9818084.568
12/2/2020 13:26,,101.148336,-1.630181,1.083,739016.2017,9819688.008
12/2/2020 13:26,,101.149302,-1.645026,0.729,739121.965,9818045.901
12/2/2020 13:31,,101.145373,-1.642397,1.084,738684.9485,9818337.162
12/2/2020 13:31,,101.14972,-1.646464,-0.37,739168.3203,9817886.794
13/2/2020 20:51,,101.15076,-1.53795,2.13749,739296.6057,9829889.319
13/2/2020 23:23,,101.14738,-1.644838,-0.539,738908.0533,9818066.925
13/2/2020 23:24,,101.145185,-1.644606,0.026,738663.7601,9818092.849
13/2/2020 23:25,,101.146506,-1.64411,-0.512,738810.8568,9818147.553
13/2/2020 23:32,,101.147868,-1.641355,0.232,738962.7859,9818452.118
13/2/2020 23:49,,101.147786,-1.644766,0.229,738953.2529,9818074.841
14/2/2020 16:27,,101.135537,-1.630734,0.152,737591.5006,9819628.358
14/2/2020 21:44,,101.144373,-1.64844,-0.524,738572.9219,9817668.872
15/2/2020 0:50,,101.15755,-1.63266,-0.17464,740041.5106,9819412.71
15/2/2020 0:52,,101.153702,-1.641532,-0.309,739612.1382,9818431.842
15/2/2020 0:57,,101.147104,-1.644882,1.323,738877.3271,9818062.092
15/2/2020 1:15,,101.153726,-1.628377,0.482,739616.3709,9819886.907
15/2/2020 1:20,,101.140881,-1.647353,0.378,738184.3655,9817789.522
15/2/2020 15:43,,101.12987,-1.6212,1.61934,736961.8328,9820683.561
15/2/2020 15:45,,101.144645,-1.64608,0.184,738603.4785,9817929.877
15/2/2020 15:56,,101.13866,-1.64429,-0.45924,737937.5154,9818128.581
15/2/2020 15:57,,101.145526,-1.645661,0.066,738701.5905,9817976.116
15/2/2020 15:58,,101.147011,-1.64142,0.867,738867.3871,9818445.031
15/2/2020 16:02,,101.151602,-1.640694,1.013,739378.49,9818524.784
15/2/2020 16:03,,101.145375,-1.648554,0.4,738684.4385,9817656.143
15/2/2020 16:04,,101.1448,-1.646071,0.503,738620.7323,9817930.854
15/2/2020 16:04,,101.140464,-1.648667,-0.491,738137.7942,9817644.233
15/2/2020 16:05,,101.146178,-1.641359,0.84,738774.6747,9818451.878
15/2/2020 16:07,,101.1452,-1.64594,0.346,738665.271,9817945.295
15/2/2020 16:08,,101.14528,-1.642839,0.5,738674.5443,9818288.284
15/2/2020 16:11,,101.15777,-1.62842,0.62422,740066.5014,9819881.669
15/2/2020 16:22,,101.147977,-1.638502,0.95,738975.2572,9818767.673
15/2/2020 16:23,,101.148031,-1.643764,0.888,738980.6427,9818185.642
15/2/2020 16:24,,101.148541,-1.638616,0.697,739038.0217,9818754.996
15/2/2020 17:15,,101.145262,-1.630272,0.372,738674.0279,9819678.308
15/2/2020 17:16,,101.147826,-1.640894,1.014,738958.1657,9818503.114
15/2/2020 17:21,,101.149686,-1.64032,0.298,739165.2674,9818566.381
16/2/2020 9:16,,101.157444,-1.639127,1.086,740028.9425,9818697.409
16/2/2020 9:17,,101.150612,-1.645892,1.431,739267.6754,9817949.956
16/2/2020 9:43,,101.148789,-1.639498,0.837,739065.5214,9818657.409
16/2/2020 9:45,,101.14189,-1.648371,-0.552,738296.5536,9817676.802
16/2/2020 10:33,,101.146611,-1.642866,0.97,738822.692,9818285.138
16/2/2020 15:51,,101.170394,-1.640835,-0.356,741470.1958,9818506.928
17/2/2020 11:03,,101.1418,-1.60818,-0.81161,738291.2601,9822122.283
17/2/2020 11:13,,101.153777,-1.628093,0.882,739622.0812,9819918.314
17/2/2020 11:50,,101.15015,-1.62353,0.4145,739218.9002,9820423.455
17/2/2020 12:41,,101.19597,-1.61867,3.00874,744319.7559,9820955.549
17/2/2020 12:50,,101.14686,-1.64144,2.16433,738850.5772,9818442.837
17/2/2020 13:17,,101.15158,-1.6139,3.05393,739379.2031,9821488.453
17/2/2020 13:29,,101.164934,-1.638069,1.885,740862.7757,9818813.535
17/2/2020 13:38,,101.147925,-1.642693,0.491,738968.9714,9818304.117
17/2/2020 14:16,,101.19189,-1.60424,3.33898,743867.3174,9822552.175
17/2/2020 14:24,,101.12689,-1.61108,-0.72129,736631.3076,9821803.257
17/2/2020 14:57,,101.14022,-1.61968,0.44276,738114.0522,9820850.47
17/2/2020 15:12,,101.21966,-1.60638,4.02675,746958.2653,9822312.127
17/2/2020 15:49,,101.13027,-1.6066,-0.38236,737008.0478,9822298.387
17/2/2020 15:59,,101.12673,-1.61791,-0.84139,736612.7079,9821047.827
17/2/2020 16:08,,101.15921,-1.62467,0.78474,740227.2313,9820296.284
17/2/2020 16:21,,101.14613,-1.63594,0.03778,738769.9742,9819051.273
17/2/2020 17:38,,101.146884,-1.644789,0.634,738852.8504,9818072.405
17/2/2020 17:46,,101.1391,-1.61465,-0.4317,737989.9728,9821406.962
17/2/2020 17:47,,101.135869,-1.644361,-0.577,737626.8484,9818121.061
17/2/2020 20:46,,101.144358,-1.638911,0.378,738572.3843,9818722.866
17/2/2020 21:00,,101.146102,-1.64681,-0.353,738765.567,9817848.958
17/2/2020 21:01,,101.15446,-1.5974,2.12646,739701.7001,9823313.17
17/2/2020 21:07,,101.155319,-1.626454,-0.097,739793.9141,9820099.419
17/2/2020 21:27,,101.141915,-1.638002,1.534,738300.5663,9818823.7
17/2/2020 21:45,,101.14377,-1.61894,2.86589,738509.2857,9820931.903
17/2/2020 21:51,,101.142313,-1.651346,-0.419,738343.2822,9817347.691
17/2/2020 21:54,,101.14906,-1.642602,0.537,739095.3171,9818314.046
17/2/2020 22:04,,101.141866,-1.643271,0.564,738294.4882,9818240.909
17/2/2020 23:46,,101.12504,-1.60958,0.15361,736425.5603,9821969.383
18/2/2020 9:42,,101.18963,-1.5674,4.19698,743620.0609,9826627.394
18/2/2020 23:05,,101.1464,-1.58456,1.65624,738806.0129,9824734.328
18/2/2020 23:05,,101.3192,-1.5395,0.9328,758047.2134,9829698.214
21/2/2020 10:25,,101.1478,-1.64457,0.22561,738954.8346,9818096.518
22/2/2020 15:36,,101.146352,-1.647085,-0.432,738793.3612,9817818.51
22/2/2020 16:12,,101.14212,-1.65213,0.00471,738321.7064,9817260.997
22/2/2020 20:05,,101.155736,-1.644884,-0.135,739838.1399,9818060.834
23/2/2020 21:06,,101.121058,-1.620817,0.362,735981.0338,9820726.953
24/2/2020 20:59,,101.15772,-1.55759,7.28009,740069.142,9827716.163
25/2/2020 3:58,,101.151533,-1.629802,1.353,739372.1013,9819729.549
25/2/2020 3:59,,101.14945,-1.64099,0.96306,739138.919,9818492.301
25/2/2020 4:10,,101.14428,-1.64969,0.11052,738562.4213,9817530.623
25/2/2020 4:16,,101.15605,-1.63926,0.10895,739873.7619,9818682.865
25/2/2020 4:18,,101.150255,-1.643066,0.791,739228.2752,9818262.58
25/2/2020 4:47,,101.19139,-1.62409,5.21274,743809.2939,9820356.582
25/2/2020 4:48,,101.147541,-1.631597,1.266,738927.544,9819531.48
25/2/2020 4:55,,101.14913,-1.62888,0.63007,739104.7345,9819831.816
25/2/2020 4:59,,101.12461,-1.6164,-0.19442,736376.91,9821215.091
29/2/2020 2:01,,101.134118,-1.647984,-0.82,737431.5207,9817720.536
29/2/2020 18:07,,101.17533,-1.64155,3.12534,742019.5363,9818427.244
29/2/2020 18:13,,101.132478,-1.654326,2.674,737248.2249,9817019.256
29/2/2020 18:26,,101.13938,-1.65054,-0.28352,738016.9143,9817437.193
3/3/2020 12:42,,101.16876,-1.50235,2.83249,741304.2252,9833825.024
4/3/2020 9:25,,101.16128,-1.61878,1.12579,740458.3389,9820947.531
4/3/2020 9:35,,101.28239,-1.57693,4.90664,753944.842,9825562.165
4/3/2020 9:46,,101.22208,-1.52863,3.09833,747236.7776,9830912.111
4/3/2020 9:52,,101.19442,-1.58168,3.29163,744151.5989,9825047.29
4/3/2020 11:42,,101.18609,-1.60292,1.79394,743221.8563,9822698.874
5/3/2020 9:08,,101.1912,-1.60804,4.12986,743790.0603,9822131.931
5/3/2020 17:13,,101.141156,-1.647649,-0.315,738214.9399,9817756.749
5/3/2020 19:30,,101.14075,-1.65906,7.51818,738168.3878,9816494.644
9/3/2020 16:02,,101.13966,-1.58932,8.12724,738055.2323,9824208.608
9/3/2020 16:02,,101.16594,-1.53649,6.78893,740986.5242,9830049.101
12/3/2020 22:14,,101.1679,-1.54837,1.39952,741203.3631,9828734.828
18/3/2020 20:17,,101.16713,-1.59347,4.73233,741112.4756,9823746.386
19/3/2020 10:24,,101.12927,-1.618791,0.286,736895.328,9820950.085
19/3/2020 23:14,,101.123208,-1.606969,0.567,736221.9442,9822258.391
20/3/2020 20:07,,101.148986,-1.646603,-0.498,739086.6036,9817871.508
20/3/2020 20:24,,101.141527,-1.643112,0.877,738256.7738,9818258.536
20/3/2020 20:24,,101.140326,-1.644334,0.764,738122.9484,9818123.516
20/3/2020 20:31,,101.147772,-1.64359,1.113,738951.8346,9818204.919
21/3/2020 15:43,,101.164176,-1.631044,2.306,740779.2406,9819590.663
22/3/2020 16:48,,101.16908,-1.54131,4.99714,741335.5119,9829515.604
22/3/2020 19:40,,101.16558,-1.54228,5.64977,740945.8001,9829408.708
23/3/2020 23:09,,101.19411,-1.67335,0.41671,744106.0575,9814907.483
25/3/2020 21:17,,101.159948,-1.634818,0.508,740308.1741,9819173.727
25/3/2020 23:08,,101.142618,-1.646948,0.473,738377.7547,9817834.111
25/3/2020 23:38,,101.141312,-1.643874,0.651,738232.7522,9818174.278
27/3/2020 11:45,,101.148288,-1.609065,1.99,739013.3352,9822023.635
27/3/2020 18:19,,101.140576,-1.642879,0.626,738150.9478,9818284.421
27/3/2020 18:43,,101.145512,-1.641358,0.986,738700.5436,9818452.068
28/3/2020 6:01,,101.18424,-1.65353,2.34512,743009.8602,9817101.034
28/3/2020 6:57,,101.19227,-1.60924,3.78837,743909.0229,9821999.068
28/3/2020 8:52,,101.15744,-1.64489,1.27012,740027.8091,9818059.966
28/3/2020 10:51,,101.14766,-1.64078,-0.07454,738939.7021,9818515.743
28/3/2020 16:02,,101.143981,-1.642749,0.496,738529.966,9818298.394
28/3/2020 16:04,,101.146478,-1.639977,0.869,738808.2311,9818604.704
28/3/2020 16:06,,101.144042,-1.642772,0.424,738536.7531,9818295.843
28/3/2020 16:07,,101.142282,-1.643103,0.984,738340.8121,9818259.441
28/3/2020 16:15,,101.137288,-1.639573,-0.845,737785.3597,9818650.484
28/3/2020 18:02,,101.15052,-1.637592,1.166,739258.4227,9818868.024
28/3/2020 18:06,,101.145132,-1.637971,0.42,738658.6481,9818826.746
28/3/2020 18:08,,101.13937,-1.63063,-0.0454,738018.1566,9819639.408
28/3/2020 18:11,,101.1481,-1.626169,0.947,738990.4057,9820131.8
28/3/2020 18:12,,101.14125,-1.63005,0.57972,738227.4843,9819703.338
28/3/2020 21:45,,101.140886,-1.636588,0.328,738186.1975,9818980.223
29/3/2020 1:43,,101.148616,-1.642622,1.009,739045.8938,9818311.887
29/3/2020 2:13,,101.149559,-1.642688,0.901,739150.8496,9818304.474
29/3/2020 2:15,,101.154125,-1.633636,0.192,739660.1606,9819305.164
29/3/2020 2:16,,101.147665,-1.641644,0.992,738940.156,9818420.177
29/3/2020 2:17,,101.134713,-1.620943,0.25,737500.9283,9820711.419
29/3/2020 2:20,,101.143971,-1.643934,0.749,738528.7122,9818167.324
29/3/2020 4:47,,101.14827,-1.640882,1.165,739007.588,9818504.388
29/3/2020 5:01,,101.12636,-1.63096,8.04978,736570.0047,9819604.442
29/3/2020 13:08,,101.133925,-1.642881,0.094,737410.6424,9818284.992
29/3/2020 13:20,,101.145662,-1.637536,1.196,738717.693,9818874.797
29/3/2020 14:37,,101.145939,-1.6376,1.247,738748.5178,9818867.685
29/3/2020 14:37,,101.144815,-1.63568,0.22,738623.6345,9819080.188
29/3/2020 15:45,,101.16355,-1.61299,0.71666,740711.6961,9821587.694
29/3/2020 15:53,,101.149601,-1.640059,1.007,739155.8372,9818595.261
29/3/2020 15:55,,101.150719,-1.634415,0.53,739280.9499,9819219.405
29/3/2020 15:56,,101.147984,-1.639477,0.835,738975.9207,9818659.828
29/3/2020 16:06,,101.148364,-1.639495,0.751,739018.2157,9818657.792
29/3/2020 16:06,,101.150298,-1.637954,0.909,739233.6693,9818828.01
29/3/2020 16:12,,101.149967,-1.640304,0.91,739196.547,9818568.117
29/3/2020 21:25,,101.149442,-1.636322,1.19,739138.5827,9819008.626
30/3/2020 18:49,,101.131108,-1.639969,1.044,737097.4339,9818607.417
31/3/2020 8:40,,101.116378,-1.637571,0.036,735458.169,9818874.392
31/3/2020 8:57,,101.145524,-1.639882,1.263,738702.0544,9818615.325
31/3/2020 8:58,,101.156879,-1.631827,1.041,739966.9208,9819504.928
31/3/2020 12:21,,101.13167,-1.66023,-0.72138,737157.5864,9816366.324
31/3/2020 13:14,,101.148208,-1.63686,1.345,739001.1642,9818949.265
31/3/2020 18:55,,101.147257,-1.639188,0.984,738895.0339,9818691.881
31/3/2020 18:59,,101.130427,-1.640636,0.939,737021.5552,9818533.722
31/3/2020 20:59,,101.144831,-1.639497,0.893,738624.9636,9818657.992
31/3/2020 22:02,,101.143064,-1.641812,1.526,738428.0079,9818402.144
31/3/2020 22:02,,101.148759,-1.645365,1.175,739061.4843,9818008.469
31/3/2020 22:06,,101.146105,-1.641935,1.147,738766.4808,9818388.176
31/3/2020 22:08,,101.144925,-1.63669,1.04,738635.7589,9818968.46
31/3/2020 22:27,,101.14308,-1.639161,1.049,738430.103,9818695.366
31/3/2020 22:45,,101.145992,-1.643099,1.066,738753.7647,9818259.441
31/3/2020 23:13,,101.14668,-1.645634,0.681,738830.043,9817978.965
31/3/2020 23:21,,101.148746,-1.639869,1.122,739060.6911,9818616.378
31/3/2020 23:38,,101.148517,-1.639166,1.067,739035.285,9818694.164
31/3/2020 23:38,,101.146438,-1.645159,0.51,738803.163,9818031.533
31/3/2020 23:39,,101.148331,-1.637361,1.228,739014.7957,9818893.836
1/4/2020 0:11,,101.162012,-1.632931,0.655,740538.1416,9819382.201
1/4/2020 0:12,,101.14932,-1.638699,1.198,739124.7211,9818745.723
1/4/2020 0:13,,101.147515,-1.643585,0.236,738923.229,9818205.502
1/4/2020 0:22,,101.142921,-1.641149,0.882,738412.1695,9818475.495
1/4/2020 0:24,,101.145065,-1.641141,0.935,738650.8147,9818476.124
1/4/2020 13:15,,101.129844,-1.638487,0.507,736956.9162,9818771.488
1/4/2020 14:30,,101.155923,-1.634104,1.043,739860.2389,9819253.184
1/4/2020 15:39,,101.17362,-1.62303,-0.11487,741831.4107,9820475.966
3/4/2020 0:13,,101.19349,-1.66787,6.49486,744037.7222,9815513.716
3/4/2020 0:13,,101.158591,-1.634963,0.548,740157.1099,9819157.851
3/4/2020 0:16,,101.141267,-1.641565,0.653,738228.0171,9818429.679
3/4/2020 0:24,,101.147037,-1.639266,0.91,738870.5368,9818683.28
3/4/2020 0:33,,101.14515,-1.643797,1.286,738659.9605,9818182.336
3/4/2020 0:34,,101.158218,-1.633588,-0.051,740115.755,9819309.984
3/4/2020 1:07,,101.146501,-1.638102,1.014,738811.0136,9818812.093
3/4/2020 1:13,,101.149903,-1.642582,1.019,739189.1523,9818316.157
3/4/2020 1:14,,101.146725,-1.642204,1.016,738835.4598,9818358.348
3/4/2020 1:17,,101.151958,-1.645333,0.749,739417.563,9818011.625
3/4/2020 1:18,,101.147714,-1.640353,1.17,738945.7635,9818562.967
3/4/2020 1:20,,101.146854,-1.639335,1.212,738850.1592,9818675.67
3/4/2020 1:21,,101.147556,-1.644015,0.91,738927.7415,9818157.936
3/4/2020 1:21,,101.14757,-1.64639,-0.449,738929.017,9817895.237
3/4/2020 1:22,,101.147501,-1.642488,0.83,738921.8012,9818326.842
3/4/2020 1:33,,101.145742,-1.639757,1.087,738726.3344,9818629.125
3/4/2020 1:34,,101.146782,-1.640408,0.978,738842.0177,9818556.995
3/4/2020 1:35,,101.147585,-1.639182,1.087,738931.5437,9818692.506
3/4/2020 1:36,,101.147763,-1.639464,0.809,738951.3231,9818661.293
3/4/2020 1:36,,101.150577,-1.638752,1.052,739264.6296,9818739.71
3/4/2020 1:36,,101.149345,-1.637293,1.118,739127.6706,9818901.236
3/4/2020 1:36,,101.149873,-1.641006,0.928,739186.0005,9818490.481
3/4/2020 1:38,,101.150373,-1.642908,1.131,739241.4284,9818280.042
3/4/2020 1:39,,101.153177,-1.64064,0.998,739553.8074,9818530.568
3/4/2020 1:39,,101.148509,-1.64178,0.908,739034.084,9818405.033
3/4/2020 1:44,,101.146375,-1.640469,1.087,738796.708,9818550.296
3/4/2020 2:15,,101.147887,-1.638907,1.026,738965.1914,9818722.887
3/4/2020 2:47,,101.155499,-1.638939,1.203,739812.4689,9818718.437
3/4/2020 5:24,,101.119134,-1.646187,-0.846,735763.9186,9817921.078
4/4/2020 15:40,,101.128101,-1.630321,-0.46,736763.8654,9819674.916
5/4/2020 10:29,,101.146623,-1.639413,0.966,738824.4377,9818667.07
5/4/2020 10:33,,101.153443,-1.637148,0.598,739583.8309,9818916.785
5/4/2020 10:34,,101.144903,-1.642895,0.915,738632.5746,9818282.135
5/4/2020 10:35,,101.149903,-1.6383,0.451,739189.6613,9818789.786
5/4/2020 10:35,,101.150948,-1.64342,0.331,739305.3697,9818223.342
5/4/2020 10:42,,101.145308,-1.641001,1.109,738677.8791,9818491.58
5/4/2020 10:43,,101.145871,-1.641157,1.011,738740.5271,9818474.258
5/4/2020 10:51,,101.148656,-1.640112,0.744,739050.6445,9818589.511
5/4/2020 10:52,,101.147331,-1.642226,0.991,738902.9099,9818355.842
5/4/2020 10:53,,101.145491,-1.640134,0.847,738698.3514,9818587.456
5/4/2020 10:55,,101.149073,-1.642715,0.675,739096.7506,9818301.546
5/4/2020 10:57,,101.145592,-1.642251,0.983,738709.3422,9818353.285
5/4/2020 10:59,,101.148613,-1.643281,0.85,739045.4815,9818238.996
5/4/2020 11:02,,101.148888,-1.638531,0.803,739076.6558,9818764.357
5/4/2020 11:38,,101.136377,-1.626007,0.737,737685.5535,9820151.104
5/4/2020 11:59,,101.146098,-1.636123,0.928,738766.3907,9819031.036
5/4/2020 13:00,,101.149726,-1.642544,0.204,739169.4553,9818320.382
5/4/2020 17:12,,101.144268,-1.647533,1.064,738561.3426,9817769.207
5/4/2020 17:37,,101.15674,-1.65613,0.74756,739948.5444,9816816.797
5/4/2020 19:34,,101.14691,-1.64472,0.698,738855.7526,9818080.034
5/4/2020 19:46,,101.147893,-1.643223,0.853,738965.3465,9818245.498
5/4/2020 19:53,,101.147816,-1.643493,0.792,738956.7437,9818215.642
5/4/2020 20:01,,101.149136,-1.639207,1.026,739104.18,9818689.555
5/4/2020 20:04,,101.147598,-1.641325,0.838,738932.7363,9818455.469
5/4/2020 20:14,,101.146648,-1.642543,0.815,738826.8488,9818320.861
5/4/2020 20:21,,101.145585,-1.638629,1.019,738708.9928,9818753.911
5/4/2020 20:37,,101.150009,-1.643138,0.606,739200.8848,9818254.646
5/4/2020 20:50,,101.144973,-1.643567,0.734,738640.2863,9818207.797
5/4/2020 21:38,,101.145546,-1.637253,1.224,738704.8147,9818906.113
5/4/2020 22:36,,101.14931,-1.64279,0.881,739123.1217,9818293.222
5/4/2020 22:41,,101.148965,-1.639714,0.798,739085.0861,9818633.497
5/4/2020 22:59,,101.144271,-1.642262,1.045,738562.3031,9818352.226
6/4/2020 5:41,,101.146239,-1.638225,1.18,738781.8362,9818798.519
6/4/2020 19:52,,101.142585,-1.638451,1.153,738375.0896,9818773.957
7/4/2020 9:26,,101.147496,-1.640634,0.888,738921.4649,9818531.912
7/4/2020 9:26,,101.151437,-1.639689,1.07,739360.2436,9818635.966
7/4/2020 9:33,,101.147113,-1.641903,0.999,738878.6831,9818391.595
7/4/2020 9:33,,101.153599,-1.64213,-0.149,739600.6021,9818365.71
7/4/2020 9:40,,101.144979,-1.643763,0.934,738640.9309,9818186.117
7/4/2020 10:49,,101.153751,-1.642494,0.715,739617.4776,9818325.43
7/4/2020 10:54,,101.14755,-1.642833,0.821,738927.2142,9818288.676
7/4/2020 15:37,,101.14678,-1.642731,0.952,738841.5191,9818300.05
8/4/2020 10:48,,101.147822,-1.63731,1.31,738958.1458,9818899.537
8/4/2020 13:05,,101.150568,-1.638815,1.053,739263.6203,9818732.743
8/4/2020 13:13,,101.143956,-1.642095,1.126,738527.261,9818370.735
8/4/2020 16:30,,101.147854,-1.642034,1.16,738961.1469,9818377.016
8/4/2020 16:42,,101.149001,-1.639317,1.221,739089.1403,9818677.404
8/4/2020 18:54,,101.153789,-1.64361,0.43,739621.5743,9818201.985
8/4/2020 19:41,,101.15019,-1.641892,0.945,739221.1799,9818392.443
10/4/2020 21:17,,101.148316,-1.640434,0.908,739012.7614,9818553.936
10/4/2020 21:22,,101.148163,-1.638989,1.146,738995.9028,9818713.784
11/4/2020 9:07,,101.148677,-1.638833,1.018,739053.1338,9818730.978
11/4/2020 9:11,,101.147741,-1.640389,0.939,738948.7645,9818558.982
11/4/2020 9:49,,101.143955,-1.638475,1.113,738527.5787,9818771.139
11/4/2020 23:19,,101.14967,-1.639321,1.167,739163.6052,9818676.882
11/4/2020 23:42,,101.146678,-1.638414,1.225,738830.6782,9818777.562
12/4/2020 0:04,,101.145095,-1.635696,1.18,738654.7989,9819078.385
13/4/2020 11:22,,101.148559,-1.643058,0.385,739039.4974,9818263.668
13/4/2020 11:33,,101.142637,-1.641748,1.299,738380.4871,9818409.274
13/4/2020 11:33,,101.144225,-1.640781,1.332,738557.3587,9818516.043
13/4/2020 11:33,,101.147505,-1.63593,1.329,738923.0245,9819052.216
13/4/2020 11:41,,101.147063,-1.637745,1.098,738873.6112,9818851.513
13/4/2020 11:44,,101.147854,-1.639551,1.065,738961.4418,9818651.659
13/4/2020 11:45,,101.149096,-1.640673,0.947,739099.5535,9818527.407
15/4/2020 19:25,,101.1464,-1.641813,0.916,738799.3312,9818401.635
17/4/2020 12:44,,101.148576,-1.641756,0.921,739041.5445,9818407.679
17/4/2020 12:52,,101.147346,-1.641038,0.562,738904.7207,9818487.244
17/4/2020 12:56,,101.152613,-1.642291,0.651,739490.8327,9818348.02
18/4/2020 0:54,,101.146032,-1.643712,1.139,738758.1441,9818191.633
20/4/2020 23:17,,101.149542,-1.639369,0.97,739149.352,9818671.588
21/4/2020 8:38,,101.149423,-1.642131,1.043,739135.778,9818366.1
21/4/2020 10:32,,101.150602,-1.641339,0.435,739267.1048,9818453.561
21/4/2020 10:41,,101.147573,-1.63941,0.61,738930.1809,9818667.288
21/4/2020 12:56,,101.14642,-1.637298,0.374,738802.0929,9818901.032
21/4/2020 13:12,,101.150393,-1.638478,0.744,739244.1814,9818770.039
22/4/2020 14:48,,101.147324,-1.643015,0.86,738902.037,9818268.572
22/4/2020 17:14,,101.16398,-1.66494,4.60064,740753.3496,9815841.442
22/4/2020 23:04,,101.146607,-1.636389,0.998,738823.0152,9819001.553
22/4/2020 23:10,,101.149443,-1.63677,0.819,739138.6409,9818959.073
22/4/2020 23:25,,101.141319,-1.634488,1.084,738234.6418,9819212.449
23/4/2020 6:40,,101.148056,-1.637368,0.652,738984.1851,9818893.094
23/4/2020 20:34,,101.144329,-1.638267,1.087,738569.2326,9818794.101
23/4/2020 20:40,,101.137307,-1.638808,0.703,737787.5649,9818735.097
23/4/2020 20:41,,101.149774,-1.638199,0.413,739175.3145,9818800.973
23/4/2020 21:11,,101.146605,-1.637185,1.169,738822.6983,9818913.509
23/4/2020 21:30,,101.14982,-1.636508,0.584,739180.6353,9818988.008
23/4/2020 21:34,,101.148197,-1.636067,1,739000.0338,9819036.98
23/4/2020 22:18,,101.134767,-1.636941,1.226,737505.0639,9818941.904
23/4/2020 22:19,,101.146314,-1.63494,0.778,738790.5733,9819161.86
23/4/2020 22:19,,101.143856,-1.636941,1.146,738516.7408,9818940.825
23/4/2020 22:20,,101.148577,-1.638047,1.002,739042.0963,9818817.928
23/4/2020 22:21,,101.148352,-1.636402,0.931,739017.2469,9818999.907
23/4/2020 22:22,,101.146795,-1.637917,1.059,738843.7601,9818832.52
23/4/2020 22:23,,101.151601,-1.635307,1.03,739379.0186,9819120.637
23/4/2020 22:38,,101.149769,-1.637896,0.864,739174.7939,9818834.488
24/4/2020 15:24,,101.121088,-1.640706,-0.238,735982.0543,9818527.085
24/4/2020 20:06,,101.153905,-1.639843,0.066,739634.935,9818618.637
24/4/2020 20:16,,101.146346,-1.637688,1.139,738793.8098,9818857.903
24/4/2020 20:59,,101.150024,-1.63788,0.941,739203.1795,9818836.227
24/4/2020 23:45,,101.149027,-1.638518,1.045,739092.1292,9818765.778
25/4/2020 11:03,,101.149042,-1.63663,0.902,739094.0228,9818974.606
25/4/2020 11:07,,101.150682,-1.639719,0.775,739276.2021,9818632.738
25/4/2020 16:38,,101.143101,-1.637617,1.205,738432.6232,9818866.143
25/4/2020 16:49,,101.149057,-1.638467,0.574,739095.4745,9818771.415
25/4/2020 16:53,,101.150235,-1.637873,0.518,739226.6664,9818836.976
25/4/2020 21:35,,101.144039,-1.639999,0.659,738536.7481,9818602.561
26/4/2020 19:41,,101.149221,-1.638338,0.982,739113.7444,9818785.664
28/4/2020 4:04,,101.128385,-1.625018,-0.084,736796.0959,9820261.434
29/4/2020 9:03,,101.13022,-1.6103,2.45951,737002.055,9821889.144
29/4/2020 9:12,,101.12963,-1.61652,0.69434,736935.6626,9821201.233
30/4/2020 20:09,,101.149427,-1.637874,1.106,739136.729,9818836.962
1/5/2020 12:28,,101.108213,-1.63662,0.714,734549.4674,9818980.537
2/5/2020 8:45,,101.123079,-1.617831,0.83,736206.3321,9821056.99
2/5/2020 15:51,,101.12858,-1.617524,0.164,736818.6725,9821090.305
2/5/2020 16:46,,101.128988,-1.618181,0.162,736864.01,9821017.588
2/5/2020 16:46,,101.133568,-1.615757,0.433,737374.0838,9821285.166
2/5/2020 16:47,,101.128075,-1.618561,0.35,736762.3416,9820975.664
2/5/2020 16:48,,101.127957,-1.620438,0.323,736748.9892,9820768.067
4/5/2020 7:10,,101.131908,-1.626976,0.644,737188.0046,9820044.451
4/5/2020 18:00,,101.130996,-1.629834,0.797,737086.1576,9819728.441
6/5/2020 13:09,,101.13957,-1.61719,4.87328,738041.9921,9821125.962
7/5/2020 14:25,,101.14277,-1.62659,1.77206,738397.08,9820085.864
7/5/2020 19:22,,101.125957,-1.637091,0.748,736524.43,9818926.355
10/5/2020 1:46,,101.147154,-1.627621,2.183,738884.9364,9819971.308
16/5/2020 11:08,,101.14795,-1.6216,-0.0337,738974.2465,9820637.19
19/5/2020 12:43,,101.133583,-1.635782,1.698,737373.4122,9819070.239
19/5/2020 17:55,,101.12579,-1.65142,1.3988,736504.1537,9817341.481
1/6/2020 11:38,,101.12947,-1.63043,-0.47381,736916.2325,9819662.698
6/6/2020 1:30,,101.14129,-1.56916,5.63656,738238.9662,9826438.288
6/6/2020 20:41,,101.141889,-1.649487,0.427,738296.3095,9817553.363
6/6/2020 20:42,,101.148134,-1.64378,0.98,738992.1055,9818183.859
11/6/2020 15:40,,101.12467,-1.62782,-0.52382,736382.262,9819951.948
11/6/2020 15:40,,101.126773,-1.631662,0.591,736615.8925,9819526.747
16/6/2020 16:40,,101.146369,-1.649195,-0.547,738795.0018,9817585.123
20/6/2020 13:10,,101.20072,-1.63072,0.79833,744847.0413,9819622.089
21/6/2020 8:43,,101.16314,-1.6113,3.75128,740666.2573,9821774.674
27/6/2020 8:52,,101.13766,-1.644461,1.515,737826.1878,9818109.787
28/6/2020 20:45,,101.14265,-1.62377,1.22117,738384.0539,9820397.795
30/6/2020 2:01,,101.15163,-1.59989,6.58656,739386.4013,9823038.083
3/7/2020 16:03,,101.12707,-1.6097,6.74802,736651.5025,9821955.875
12/7/2020 13:12,,101.13631,-1.61942,3.75176,737678.8655,9820879.688
15/7/2020 17:09,,101.128438,-1.606014,-0.538,736804.1976,9822363.416
17/7/2020 10:31,,101.14025,-1.65725,0.83979,738112.951,9816694.905
18/7/2020 19:34,,101.120825,-1.611611,0.77,735956.1627,9821745.229
18/7/2020 19:35,,101.17288,-1.59875,0.83718,741751.9051,9823161.686
20/7/2020 17:57,,101.127662,-1.633588,0.57,736714.6191,9819313.612
22/7/2020 21:06,,101.147396,-1.642684,0.824,738910.0905,9818305.175
23/7/2020 10:59,,101.125525,-1.636219,0.438,736476.4477,9819022.856
23/7/2020 17:20,,101.16282,-1.66601,0.88474,740624.1023,9815723.231
29/7/2020 13:14,,101.14237,-1.65806,1.97314,738348.8245,9816605.057
31/7/2020 12:00,,101.149852,-1.645899,0.769,739183.0804,9817949.273
31/7/2020 12:01,,101.145795,-1.646773,0.571,738731.3999,9817853.087
11/8/2020 8:07,,101.130006,-1.62016,0.242,736977.0916,9820798.577
15/8/2020 8:28,,101.1561,-1.63889,0.60688,739879.3714,9818723.785
19/8/2020 17:38,,101.17076,-1.66472,1.62332,741508.0468,9815864.946
20/8/2020 19:47,,101.14889,-1.59077,7.43239,739082.4639,9824047.158
20/8/2020 19:47,,101.12812,-1.65081,1.18369,736763.5693,9817408.674
29/8/2020 8:58,,101.12458,-1.63498,-0.56748,736371.4079,9819160.01
31/8/2020 4:29,,101.133089,-1.641994,0.135,737317.6944,9818383.201
1/9/2020 6:26,,101.16264,-1.63353,1.915,740607.9728,9819315.87
2/9/2020 5:49,,101.101149,-1.634465,0.812,733763.4561,9819219.717
2/9/2020 8:44,,101.14793,-1.650929,-0.339,738968.5461,9817393.14
5/9/2020 7:50,,101.14956,-1.61981,-0.51982,739153.6648,9820834.991
6/9/2020 5:58,,101.146081,-1.643053,0.962,738763.6766,9818264.518
6/9/2020 6:02,,101.141918,-1.649203,1.022,738299.5712,9817584.772
7/9/2020 3:29,,101.20163,-1.59698,3.49002,744952.3768,9823354.061
7/9/2020 3:30,,101.14189,-1.62627,0.85231,738299.166,9820121.363
7/9/2020 9:00,,101.10923,-1.628005,2.681,734663.6649,9819933.291
10/9/2020 12:03,,101.14598,-1.54388,4.04686,738763.8648,9829233.945
11/9/2020 2:37,,101.1553,-1.60243,5.72877,739794.6168,9822756.706
11/9/2020 16:10,,101.138258,-1.62411,-0.459,737895.1466,9820360.706
15/9/2020 21:05,,101.16187,-1.60099,1.18911,740526.099,9822915.214
24/9/2020 2:17,,101.1551,-1.61567,-0.3568,739770.8072,9821292.259
24/9/2020 12:44,,101.131242,-1.631098,-0.24,737113.3912,9819588.603
26/9/2020 15:31,,101.133092,-1.61316,0.329,737321.4023,9821572.471
26/9/2020 15:31,,101.145687,-1.600044,2.052,738724.8649,9823021.743
28/9/2020 4:40,,101.156383,-1.639486,-0.673,739910.8008,9818657.828
4/10/2020 3:28,,101.12944,-1.62125,0.65378,736913.9645,9820678.081
4/10/2020 7:45,,101.123056,-1.615421,-0.306,736204.0509,9821323.557
4/10/2020 11:18,,101.131421,-1.612083,0.684,737135.5304,9821691.791
4/10/2020 12:24,,101.127856,-1.618514,0.29,736737.9706,9820980.888
4/10/2020 12:52,,101.128619,-1.617806,0.369,736822.9808,9821059.109
4/10/2020 13:00,,101.127217,-1.618941,0.381,736666.7952,9820933.734
4/10/2020 14:23,,101.128465,-1.617693,0.204,736805.8525,9821071.626
4/10/2020 14:25,,101.128115,-1.618174,0.273,736766.8388,9821018.465
4/10/2020 14:26,,101.127757,-1.618203,0.197,736726.9872,9821015.299
4/10/2020 16:10,,101.128717,-1.617102,0.292,736833.9707,9821136.966
4/10/2020 16:21,,101.12867,-1.615891,0.464,736828.8797,9821270.917
4/10/2020 17:14,,101.127363,-1.616671,0.34,736683.3095,9821184.796
4/10/2020 18:24,,101.130051,-1.609111,1.899,736983.3813,9822020.676
4/10/2020 18:31,,101.128172,-1.618011,0.4,736773.2023,9821036.487
4/10/2020 19:30,,101.125082,-1.618477,0.082,736429.2068,9820985.305
19/10/2020 17:28,,101.123969,-1.615052,0.929,736305.7176,9821364.264
19/10/2020 17:28,,101.124351,-1.614935,1.01,736348.2508,9821377.161
21/10/2020 4:14,,101.131872,-1.615596,2.192,737185.3232,9821303.173
21/10/2020 10:25,,101.12297,-1.6429,3.51235,736191.2751,9818284.19
21/10/2020 10:25,,101.14836,-1.61029,1.28197,739021.2068,9821888.131
21/10/2020 12:43,,101.15815,-1.60098,0.73885,740112.0221,9822916.756
23/10/2020 21:00,,101.129071,-1.618594,0.237,736873.2006,9820971.898
23/10/2020 21:08,,101.128444,-1.619722,0.216,736803.2794,9820847.206
23/10/2020 21:13,,101.141251,-1.613027,0.061,738229.5878,9821586.228
5/11/2020 13:31,,101.146207,-1.643417,0.854,738777.6581,9818224.241
5/11/2020 13:31,,101.151499,-1.642331,0.976,739366.8303,9818343.729
5/11/2020 13:35,,101.151544,-1.640637,0.822,739372.0408,9818531.096
6/11/2020 4:19,,101.132026,-1.641157,0.184,737199.4737,9818475.906
6/11/2020 4:19,,101.16447,-1.63705,-0.48672,740811.2498,9818926.303
6/11/2020 13:36,,101.153361,-1.639647,0.941,739574.4064,9818640.382
6/11/2020 16:08,,101.150809,-1.639515,0.925,739290.3625,9818655.287
6/11/2020 16:09,,101.159738,-1.63629,0.94,740284.6238,9819010.934
6/11/2020 17:09,,101.1653,-1.6319,-0.40451,740904.2512,9819495.846
10/11/2020 18:02,,101.15,-1.64805,2.43819,739199.2973,9817711.335
11/11/2020 10:11,,101.14291,-1.62919,-0.71109,738412.3575,9819798.265
11/11/2020 10:50,,101.148605,-1.639907,0.77,739044.9921,9818612.192
11/11/2020 20:31,,101.13206,-1.622057,-0.209,737205.4976,9820588.513
12/11/2020 7:39,,101.13609,-1.617236,-0.659,737654.6321,9821121.282
12/11/2020 11:37,,101.151878,-1.633102,1.141,739410.1125,9819364.497
12/11/2020 13:47,,101.14045,-1.63186,0.46828,738138.2247,9819503.232
12/11/2020 16:11,,101.153989,-1.615706,0.281,739647.1374,9821288.408
12/11/2020 18:27,,101.148298,-1.640607,0.809,739010.7373,9818534.802
12/11/2020 19:40,,101.137808,-1.617831,0.238,737845.7912,9821055.269
18/11/2020 1:50,,101.148745,-1.643097,0.532,739060.1961,9818259.332
24/11/2020 14:44,,101.156162,-1.614641,-0.061,739889.1394,9821405.951
13/12/2020 14:57,,101.1628961,-1.598385974,-0.890625,740640.625,9823203.125
23/12/2020 17:20,,101.1491828,-1.639366792,0.953125,739109.375,9818671.875
30/12/2020 15:03,,101.1509425,-1.577067889,6.6875,739312.5,9825562.5
2/1/2021 12:52,,101.1407717,-1.650111922,1.171875,738171.875,9817484.375
5/1/2021 16:08,,101.1449707,-1.638523758,0.796875,738640.625,9818765.625
5/1/2021 16:10,,101.1410422,-1.640505682,0.453125,738203.125,9818546.875
5/1/2021 16:23,,101.143,-1.633440386,-0.078125,738421.875,9819328.125
5/1/2021 16:24,,101.1462411,-1.64516177,-0.09375,738781.25,9818031.25
5/1/2021 16:32,,101.1390785,-1.641920438,0.984375,737984.375,9818390.625
5/1/2021 16:55,,101.1519964,-1.645014267,0.765625,739421.875,9818046.875
5/1/2021 18:23,,101.149744,-1.63908366,1.671875,739171.875,9818703.125
15/1/2021 9:33,,101.1484068,-1.568312199,6.53125,739031.25,9826531.25
16/1/2021 7:45,,101.1432835,-1.635982828,0.640625,738453.125,9819046.875
21/1/2021 1:32,,101.1417737,-1.601869228,-0.945312,738289.062,9822820.312
22/1/2021 2:07,,101.1108612,-1.640679227,-0.15625,734843.75,9818531.25
30/1/2021 4:12,,101.1395684,-1.640577906,0.726562,738039.062,9818539.062
31/1/2021 5:14,,101.1472158,-1.637673757,0.578125,738890.625,9818859.375
31/1/2021 5:30,,101.1438534,-1.643892981,1.390625,738515.625,9818171.875
31/1/2021 5:51,,101.1359917,-1.643336404,1.359375,737640.625,9818234.375
31/1/2021 5:59,,101.1365529,-1.643053271,1.046875,737703.125,9818265.625
31/1/2021 6:05,,101.1418851,-1.64106983,1.140625,738296.875,9818484.375
31/1/2021 6:05,,101.1476555,-1.655048669,2.9375,738937.5,9816937.5
31/1/2021 6:14,,101.1497434,-1.638518608,1.265625,739171.875,9818765.625
31/1/2021 6:19,,101.1413146,-1.63259461,-0.421875,738234.375,9819421.875
31/1/2021 6:39,,101.1424424,-1.637113843,1.046875,738359.375,9818921.875
31/1/2021 6:39,,101.1379558,-1.642204175,1.296875,737859.375,9818359.375
31/1/2021 12:38,,101.1441278,-1.637959611,0.765625,738546.875,9818828.125
31/1/2021 12:38,,101.1479202,-1.640074473,0.96875,738968.75,9818593.75
1/2/2021 7:25,,101.1450412,-1.638876845,0.601562,738648.438,9818726.562
1/2/2021 7:26,,101.1432169,-1.639443866,0.632812,738445.312,9818664.062
13/2/2021 12:32,,101.1359833,-1.635425607,1.265625,737640.625,9819109.375
13/2/2021 17:43,,101.1390779,-1.641355382,0.765625,737984.375,9818453.125
13/2/2021 17:46,,101.128971,-1.641648768,1.359375,736859.375,9818421.875
13/2/2021 18:27,,101.1513807,-1.593595207,0.390625,739359.375,9823734.375
13/2/2021 23:57,,101.1449752,-1.642761659,1.171875,738640.625,9818296.875
15/2/2021 6:45,,101.1385191,-1.643898738,1.171875,737921.875,9818171.875
2/3/2021 11:36,,101.141021,-1.620446226,-1.984375,738203.125,9820765.625
3/3/2021 15:05,,101.1449713,-1.639088811,0.640625,738640.625,9818703.125
3/3/2021 18:17,,101.1444113,-1.640502051,0.828125,738578.125,9818546.875
3/3/2021 18:44,,101.1463735,-1.637674665,0.234375,738796.875,9818859.375
3/3/2021 18:45,,101.1460224,-1.637463152,0.382812,738757.812,9818882.812
3/3/2021 21:00,,101.1424403,-1.635136152,0.984375,738359.375,9819140.625
4/3/2021 2:21,,101.1435772,-1.648131189,1.328125,738484.375,9817703.125
4/3/2021 11:51,,101.1456712,-1.637251631,1.90625,738718.75,9818906.25
4/3/2021 16:14,,101.1435708,-1.642198122,1.171875,738484.375,9818359.375
4/3/2021 16:52,,101.1435681,-1.639655378,0.578125,738484.375,9818640.625
11/3/2021 9:12,,101.1306957,-1.613040773,0.164062,737054.688,9821585.938
12/3/2021 8:37,,101.1329501,-1.621090492,0.476562,737304.688,9820695.312
12/3/2021 15:34,,101.1340659,-1.545442091,6.4375,737437.5,9829062.5
19/3/2021 2:45,,101.1389367,-1.640649213,2.09375,737968.75,9818531.25
21/3/2021 14:50,,101.1501692,-1.642897303,0.90625,739218.75,9818281.25
8/4/2021 10:29,,101.0634027,-1.631405175,4.5625,729562.5,9819562.5
12/4/2021 8:44,,101.1626267,-1.609122168,2.203125,740609.375,9822015.625
15/4/2021 8:21,,101.0409712,-1.660812982,-0.9375,727062.5,9816312.5
15/4/2021 8:27,,101.0640081,-1.673785825,7.625,729625,9814875
20/4/2021 17:56,,101.1308542,-1.695751178,2.5625,737062.5,9812437.5
15/5/2021 0:35,,101.1004751,-1.642667977,1.8125,733687.5,9818312.5
27/5/2021 21:06,,101.1362718,-1.642771045,1.296875,737671.875,9818296.875
28/5/2021 22:19,,101.1282215,-1.596020932,2.53125,736781.25,9823468.75
30/5/2021 19:45,,101.1404883,-1.647569478,1.796875,738140.625,9817765.625
12/6/2021 10:45,,101.1362733,-1.644183687,0.890625,737671.875,9818140.625
12/6/2021 10:47,,101.1389379,-1.641779325,0.84375,737968.75,9818406.25
23/6/2021 11:49,,101.1469374,-1.639934271,0.609375,738859.375,9818609.375
26/6/2021 20:46,,101.1400329,-1.615220507,-1.21875,738093.75,9821343.75
27/6/2021 5:34,,101.131967,-1.620667731,0.289062,737195.312,9820742.188
28/6/2021 9:51,,101.1406207,-1.640082345,0.71875,738156.25,9818593.75
28/6/2021 16:55,,101.1411918,-1.64912262,0.96875,738218.75,9817593.75
28/6/2021 16:57,,101.1336039,-1.642067591,1.375,737375,9818375
28/6/2021 17:00,,101.1404834,-1.643049036,0.234375,738140.625,9818265.625
28/6/2021 17:00,,101.1411876,-1.645167235,-0.15625,738218.75,9818031.25
28/6/2021 17:08,,101.1434282,-1.64007932,0.46875,738468.75,9818593.75
28/6/2021 23:10,,101.1446209,-1.639583607,0.476562,738601.562,9818648.438
29/6/2021 6:13,,101.1423076,-1.642340749,1.21875,738343.75,9818343.75
29/6/2021 10:41,,101.1501717,-1.64515751,2.03125,739218.75,9818031.25
2/7/2021 22:26,,101.1357109,-1.643336706,0.984375,737609.375,9818234.375
3/7/2021 13:10,,101.0836926,-1.702583771,5.0625,731812.5,9811687.5
17/7/2021 8:43,,101.1424445,-1.639091534,2.171875,738359.375,9818703.125
22/7/2021 3:21,,101.2196717,-1.528120465,7.96875,746968.75,9830968.75
24/7/2021 6:54,,101.1349525,-1.623030748,-1.300781,737527.344,9820480.469
29/7/2021 13:03,,101.1484841,-1.642334075,0.65625,739031.25,9818343.75
29/7/2021 13:05,,101.1451127,-1.640077503,0.65625,738656.25,9818593.75
30/7/2021 5:20,,101.1358063,-1.633977838,-1.496094,737621.094,9819269.531
4/8/2021 18:34,,101.1258655,-1.625265315,-0.140625,736515.625,9820234.375
7/8/2021 8:55,,101.1404756,-1.635703317,0.609375,738140.625,9819078.125
7/8/2021 9:02,,101.1511505,-1.641624873,0.296875,739328.125,9818421.875
7/8/2021 9:04,,101.1430105,-1.643328836,0.703125,738421.875,9818234.375
7/8/2021 10:34,,101.1458183,-1.643608329,0.296875,738734.375,9818203.125
7/8/2021 10:37,,101.1441284,-1.638524665,1.140625,738546.875,9818765.625
7/8/2021 10:44,,101.1435669,-1.63852527,0.796875,738484.375,9818765.625
7/8/2021 13:22,,101.144129,-1.639089719,0.953125,738546.875,9818703.125
7/8/2021 14:15,,101.1522693,-1.637668301,0.984375,739453.125,9818859.375
7/8/2021 15:08,,101.1480616,-1.641063163,0.484375,738984.375,9818484.375
9/8/2021 0:15,,101.124409,-1.608350313,-0.667969,736355.469,9822105.469
16/8/2021 15:49,,101.1284095,-1.641649369,1.203125,736796.875,9818421.875
23/8/2021 6:11,,101.1430054,-1.638525875,1.015625,738421.875,9818765.625
23/8/2021 19:51,,101.1135614,-1.535009004,7.96875,735156.25,9830218.75
28/8/2021 9:11,,101.148343,-1.641627912,0.984375,739015.625,9818421.875
14/9/2021 13:01,,101.1278513,-1.6447578,0.421875,736734.375,9818078.125
14/9/2021 13:03,,101.1249074,-1.648575123,-0.15625,736406.25,9817656.25
19/9/2021 7:59,,101.1256543,-1.62462984,-1.320312,736492.188,9820304.688
26/9/2021 9:00,,101.1208113,-1.6247056,-1.984375,735953.125,9820296.875
3/10/2021 16:24,,101.1359024,-1.625325292,-0.382812,737632.812,9820226.562
7/10/2021 13:18,,101.1241704,-1.615095994,-1.015625,736328.125,9821359.375
8/11/2021 8:46,,101.1445996,-1.619524198,-0.476562,738601.562,9820867.188
8/11/2021 9:47,,101.1759517,-1.599360916,-0.03125,742093.75,9823093.75
8/11/2021 10:22,,101.1259234,-1.613469602,-1.195312,736523.438,9821539.062
8/11/2021 10:32,,101.1959196,-1.632394068,-0.3125,744312.5,9819437.5
21/11/2021 6:11,,101.1074738,-1.623165711,-0.15625,734468.75,9820468.75
21/11/2021 6:35,,101.119311,-1.599208674,-0.414062,735789.062,9823117.188
23/11/2021 3:20,,101.1644076,-1.566882986,2.1875,740812.5,9826687.5
23/11/2021 11:53,,101.1441744,-1.615569268,-1.007812,738554.688,9821304.688
2/12/2021 22:09,,101.1393529,-1.635987051,0.234375,738015.625,9819046.875
3/12/2021 4:57,,101.1269167,-1.623780911,-1.273438,736632.812,9820398.438
3/12/2021 20:41,,101.1250782,-1.610645182,-0.148438,736429.688,9821851.562
6/12/2021 9:48,,101.1264765,-1.605416888,0.710938,736585.938,9822429.688
7/12/2021 21:11,,101.1495927,-1.628771614,3.09375,739156.25,9819843.75
8/12/2021 0:49,,101.1210912,-1.62385771,-1.296875,735984.375,9820390.625
10/12/2021 3:09,,101.1322849,-1.622609787,-1.316406,737230.469,9820527.344
11/12/2021 12:33,,101.1315867,-1.62607152,-1.089844,737152.344,9820144.531
13/12/2021 19:27,,101.0981745,-1.589553685,3.6875,733437.5,9824187.5
14/12/2021 14:14,,101.1382683,-1.605687038,-1.132812,737898.438,9822398.438
16/12/2021 18:42,,101.1574525,-1.627633061,2.84375,740031.25,9819968.75
19/12/2021 3:18,,101.1327828,-1.628895542,-1.894531,737285.156,9819832.031
26/12/2021 14:10,,101.213012,-1.602146172,-0.78125,746218.75,9822781.25
26/12/2021 21:26,,101.1626961,-1.540327507,-1.375,740625,9829625
30/12/2021 16:10,,101.1115309,-1.609741118,0.515625,734921.875,9821953.125
30/12/2021 18:32,,101.0577932,-1.637061817,-1.4375,728937.5,9818937.5
1/1/2022 13:23,,101.0970641,-1.601986405,1.5625,733312.5,9822812.5
1/1/2022 15:15,,101.1398903,-1.613101698,-1.296875,738078.125,9821578.125
3/1/2022 23:39,,101.1475349,-1.607513693,-1.148438,738929.688,9822195.312
6/1/2022 13:52,,101.0971013,-1.638150969,0.4375,733312.5,9818812.5
8/1/2022 3:24,,101.1407582,-1.637398181,1.703125,738171.875,9818890.625
8/1/2022 3:30,,101.1479172,-1.63724921,1.71875,738968.75,9818906.25
8/1/2022 4:50,,101.1345117,-1.637616778,0.007812,737476.562,9818867.188
8/1/2022 9:20,,101.1254298,-1.611280503,-1.53125,736468.75,9821781.25
8/1/2022 9:43,,101.1587393,-1.649527328,-1.796875,740171.875,9817546.875
9/1/2022 9:05,,101.1187271,-1.645191369,-1.96875,735718.75,9818031.25
9/1/2022 9:09,,101.1352807,-1.634720037,0.8125,737562.5,9819187.5
9/1/2022 9:22,,101.1203986,-1.632758189,2.90625,735906.25,9819406.25
9/1/2022 9:28,,101.1413293,-1.646438457,1.015625,738234.375,9817890.625
9/1/2022 9:28,,101.1350104,-1.64460884,0.46875,737531.25,9818093.75
11/1/2022 0:27,,101.0855915,-1.63957575,2.46875,732031.25,9818656.25
11/1/2022 12:17,,101.1333103,-1.629919147,1.40625,737343.75,9819718.75
14/1/2022 4:28,,101.1136587,-1.631070136,-0.53125,735156.25,9819593.75
16/1/2022 23:55,,101.1271475,-1.642922108,3.78125,736656.25,9818281.25
17/1/2022 22:45,,101.093208,-1.673754675,2.625,732875,9814875
19/1/2022 6:01,,101.1094046,-1.589542169,5.0625,734687.5,9824187.5
21/1/2022 7:09,,101.103913,-1.707082221,-0.6875,734062.5,9811187.5
21/1/2022 13:23,,101.1446935,-1.641914382,0.734375,738609.375,9818390.625
21/1/2022 13:25,,101.1489057,-1.642757409,0.703125,739078.125,9818296.875
28/1/2022 19:08,,101.1226025,-1.592071338,-0.21875,736156.25,9823906.25
29/1/2022 10:03,,101.1220713,-1.621455157,0.84375,736093.75,9820656.25
29/1/2022 20:59,,101.1529074,-1.576783318,6.65625,739531.25,9825593.75
